Animal,Corte,Grupo,Region,D,D.max(r²),Lacunarity
CS2,1,CS,CA1,1.4857,1.4742,0.493
CS2,1,CS,CA1,1.2955,1.3467,0.5524
CS2,1,CS,CA1,1.3182,1.3592,0.5563
CS2,1,CS,CA1,1.3966,1.3587,0.6277
CS2,1,CS,CA1,1.4169,1.5125,0.5842
CS2,1,CS,CA1,1.4111,1.4454,0.6128
CS2,1,CS,CA1,1.2873,1.3899,0.5441
CS2,1,CS,CA1,1.431,1.3681,0.604
CS2,1,CS,CA1,1.3973,1.3676,0.4981
CS2,1,CS,CA1,1.5295,1.6371,0.5656
CS2,1,CS,CA1,1.4705,1.497,0.4977
CS2,1,CS,CA1,1.4457,1.6392,0.4315
CS2,1,CS,CA1,1.2762,1.4064,0.5091
CS2,1,CS,CA1,1.4118,1.5091,0.6383
CS2,1,CS,CA1,1.4412,1.4799,0.5632
CS2,2,CS,CA1,1.5038,1.4194,0.4682
CS2,2,CS,CA1,1.4369,1.6827,0.3974
CS2,2,CS,CA1,1.5546,1.6606,0.3352
CS2,2,CS,CA1,1.39,1.4267,0.5602
CS2,2,CS,CA1,1.4178,1.3424,0.4627
CS2,2,CS,CA1,1.479,1.5433,0.4421
CS2,2,CS,CA1,1.4693,1.4534,0.4671
CS2,2,CS,CA1,1.5103,1.5279,0.4717
CS2,2,CS,CA1,1.454,1.5646,0.505
CS2,2,CS,CA1,1.2558,1.3048,0.4926
CS2,2,CS,CA1,1.4883,1.4924,0.443
CS2,2,CS,CA1,1.474,1.5228,0.4774
CS2,2,CS,CA1,1.4691,1.5717,0.5053
CS2,2,CS,CA1,1.4726,1.5324,0.4396
CS2,2,CS,CA1,1.4343,1.3856,0.4196
CS2,3,CS,CA1,1.4007,1.4884,0.5319
CS2,3,CS,CA1,1.3454,1.3941,0.5195
CS2,3,CS,CA1,1.3862,1.2381,0.5164
CS2,3,CS,CA1,1.3523,1.321,0.5877
CS2,3,CS,CA1,1.2568,1.288,0.5196
CS2,3,CS,CA1,1.5144,1.6706,0.4846
CS2,3,CS,CA1,1.4368,1.4285,0.5192
CS2,3,CS,CA1,1.5471,1.6185,0.4762
CS2,3,CS,CA1,1.4641,1.5472,0.519
CS2,3,CS,CA1,1.5247,1.7481,0.4497
CS2,3,CS,CA1,1.4642,1.5871,0.5002
CS2,3,CS,CA1,1.4573,1.5311,0.4606
CS2,3,CS,CA1,1.4199,1.5382,0.5536
CS2,3,CS,CA1,1.3456,1.36,0.5698
CS2,3,CS,CA1,1.4327,1.5563,0.5727
CS2,4,CS,CA1,1.3846,1.3586,0.6153
CS2,4,CS,CA1,1.5065,1.4851,0.3501
CS2,4,CS,CA1,0.7825,-0,0.3936
CS2,4,CS,CA1,1.3683,1.4356,0.537
CS2,4,CS,CA1,1.3233,1.3677,0.6413
CS2,4,CS,CA1,1.3218,1.3575,0.5945
CS2,4,CS,CA1,1.3968,1.4301,0.5725
CS2,4,CS,CA1,1.4045,1.4056,0.5277
CS2,4,CS,CA1,1.4442,1.538,0.5126
CS2,4,CS,CA1,1.4171,1.4877,0.624
CS2,4,CS,CA1,1.2386,1.2349,0.6003
CS2,4,CS,CA1,1.4033,1.4781,0.532
CS2,4,CS,CA1,1.3461,1.3884,0.5452
CS2,4,CS,CA1,1.3812,1.4634,0.6647
CS2,4,CS,CA1,1.1469,1.1845,0.6222
CS2,1,CS,CA3,1.3163,1.4083,0.6311
CS2,1,CS,CA3,1.3987,1.401,0.6123
CS2,1,CS,CA3,1.2992,1.1417,0.4631
CS2,1,CS,CA3,1.5128,1.4103,0.4007
CS2,1,CS,CA3,1.4101,1.1963,0.417
CS2,1,CS,CA3,1.4206,1.453,0.5203
CS2,1,CS,CA3,1.5118,1.4855,0.4128
CS2,1,CS,CA3,1.4746,1.6507,0.6221
CS2,1,CS,CA3,1.4216,1.4879,0.4876
CS2,1,CS,CA3,1.4529,1.4702,0.5303
CS2,1,CS,CA3,1.4587,1.4743,0.5664
CS2,1,CS,CA3,1.4012,1.3794,0.5135
CS2,1,CS,CA3,1.4859,1.4924,0.4227
CS2,1,CS,CA3,1.373,1.2966,0.4777
CS2,1,CS,CA3,1.4389,1.501,0.5318
CS2,2,CS,CA3,1.4712,1.4754,0.4828
CS2,2,CS,CA3,1.5019,1.3448,0.3822
CS2,2,CS,CA3,1.4268,1.5261,0.5212
CS2,2,CS,CA3,1.4422,1.4507,0.5068
CS2,2,CS,CA3,1.351,1.4344,0.524
CS2,2,CS,CA3,1.4731,1.5234,0.4837
CS2,2,CS,CA3,1.4985,1.6259,0.5175
CS2,2,CS,CA3,1.4667,1.2637,0.3543
CS2,2,CS,CA3,1.4514,1.5207,0.5063
CS2,2,CS,CA3,1.3879,1.4265,0.6599
CS2,2,CS,CA3,1.3426,1.338,0.5732
CS2,2,CS,CA3,1.452,1.4167,0.4917
CS2,2,CS,CA3,1.4657,1.4399,0.4963
CS2,2,CS,CA3,1.4776,1.5354,0.4515
CS2,2,CS,CA3,1.441,1.4843,0.5288
CS2,3,CS,CA3,1.4238,1.4435,0.5603
CS2,3,CS,CA3,1.4751,1.5389,0.4377
CS2,3,CS,CA3,1.5364,1.5188,0.4035
CS2,3,CS,CA3,1.4755,1.5078,0.5507
CS2,3,CS,CA3,1.4323,1.3876,0.5024
CS2,3,CS,CA3,1.3076,1.3546,0.6359
CS2,3,CS,CA3,1.4958,1.5357,0.503
CS2,3,CS,CA3,1.4938,1.5485,0.4282
CS2,3,CS,CA3,1.3962,1.4851,0.5555
CS2,3,CS,CA3,1.536,1.5486,0.3909
CS2,3,CS,CA3,1.485,1.4148,0.4431
CS2,3,CS,CA3,1.5116,1.6281,0.4044
CS2,3,CS,CA3,1.4836,1.728,0.4977
CS2,3,CS,CA3,1.5277,1.5879,0.4074
CS2,3,CS,CA3,1.4381,1.4259,0.5965
CS2,4,CS,CA3,1.4477,1.4605,0.4176
CS2,4,CS,CA3,1.449,1.5648,0.4943
CS2,4,CS,CA3,1.5127,1.5624,0.4595
CS2,4,CS,CA3,1.4181,1.3762,0.4945
CS2,4,CS,CA3,1.4645,1.7045,0.4123
CS2,4,CS,CA3,1.495,1.5662,0.4828
CS2,4,CS,CA3,1.4893,1.5389,0.4063
CS2,4,CS,CA3,1.5695,1.7068,0.3684
CS2,4,CS,CA3,1.4225,1.4081,0.4539
CS2,4,CS,CA3,1.4216,1.5102,0.5876
CS2,4,CS,CA3,1.4848,1.6072,0.4722
CS2,4,CS,CA3,1.4479,1.5566,0.5334
CS2,4,CS,CA3,1.4148,1.4295,0.5403
CS2,4,CS,CA3,1.4272,1.5222,0.5527
CS2,4,CS,CA3,1.4037,1.4861,0.4901
CS2,1,CS,GD,1.4345,1.4519,0.5118
CS2,1,CS,GD,1.4842,1.5665,0.5088
CS2,1,CS,GD,1.3409,1.4165,0.5873
CS2,1,CS,GD,1.3615,1.2548,0.4745
CS2,1,CS,GD,1.4525,1.434,0.5538
CS2,1,CS,GD,1.3842,1.3667,0.5199
CS2,1,CS,GD,1.2122,1.2986,0.6983
CS2,1,CS,GD,1.36,1.3955,0.6813
CS2,1,CS,GD,1.4572,1.5963,0.499
CS2,1,CS,GD,1.4683,1.5097,0.4477
CS2,1,CS,GD,1.3762,1.4548,0.5589
CS2,1,CS,GD,1.4959,1.5931,0.5206
CS2,1,CS,GD,1.4115,1.3775,0.4538
CS2,1,CS,GD,1.4248,1.4781,0.5431
CS2,1,CS,GD,1.5334,1.3274,0.3942
CS2,2,CS,GD,1.4096,1.4521,0.5159
CS2,2,CS,GD,1.3869,1.3923,0.4985
CS2,2,CS,GD,1.2913,1.4673,0.6087
CS2,2,CS,GD,1.5024,1.5278,0.4824
CS2,2,CS,GD,1.4857,1.6021,0.5436
CS2,2,CS,GD,1.4445,1.5564,0.5237
CS2,2,CS,GD,1.4241,1.5324,0.4765
CS2,2,CS,GD,1.5688,1.49,0.3353
CS2,2,CS,GD,1.4044,1.4821,0.6191
CS2,2,CS,GD,1.3763,1.4203,0.5511
CS2,2,CS,GD,1.3757,1.5216,0.5503
CS2,2,CS,GD,1.4833,1.573,0.3546
CS2,2,CS,GD,1.3066,1.4171,0.6656
CS2,2,CS,GD,1.3324,1.3925,0.5263
CS2,2,CS,GD,1.4916,1.4631,0.4548
CS2,3,CS,GD,1.4225,1.4136,0.505
CS2,3,CS,GD,1.5777,1.7154,0.3849
CS2,3,CS,GD,1.5734,1.5576,0.3876
CS2,3,CS,GD,1.4284,1.6424,0.5999
CS2,3,CS,GD,1.3654,1.6739,0.4754
CS2,3,CS,GD,1.4596,1.6452,0.6469
CS2,3,CS,GD,1.2748,2.8855,0.4109
CS2,3,CS,GD,1.482,1.726,0.3505
CS2,3,CS,GD,1.475,1.6065,0.4416
CS2,3,CS,GD,1.5509,1.3867,0.3331
CS2,3,CS,GD,1.4621,1.571,0.5862
CS2,3,CS,GD,1.4046,1.4325,0.6081
CS2,3,CS,GD,1.4739,1.5176,0.5057
CS2,3,CS,GD,1.4018,1.481,0.5309
CS2,3,CS,GD,1.4442,1.4986,0.5145
CS2,4,CS,GD,1.456,1.5369,0.4965
CS2,4,CS,GD,1.5123,1.5662,0.551
CS2,4,CS,GD,1.3679,1.4982,0.5595
CS2,4,CS,GD,1.4194,1.501,0.6511
CS2,4,CS,GD,1.4679,1.433,0.5699
CS2,4,CS,GD,1.5356,1.4518,0.3839
CS2,4,CS,GD,1.4617,1.5717,0.4708
CS2,4,CS,GD,1.4708,1.5246,0.4356
CS2,4,CS,GD,1.4839,1.3405,0.4536
CS2,4,CS,GD,1.5032,1.5702,0.4808
CS2,4,CS,GD,1.4259,1.4431,0.6147
CS2,4,CS,GD,1.4384,1.4875,0.5028
CS2,4,CS,GD,1.4914,1.5144,0.5082
CS2,4,CS,GD,1.427,1.5391,0.534
CS2,4,CS,GD,1.6116,1.676,0.3307
CS3,1,CS,CA1,1.4616,1.5573,0.5524
CS3,1,CS,CA1,1.4805,1.4636,0.3961
CS3,1,CS,CA1,1.4128,1.5342,0.453
CS3,1,CS,CA1,1.4626,1.5327,0.4893
CS3,1,CS,CA1,1.4633,1.5831,0.4793
CS3,1,CS,CA1,1.346,1.4562,0.617
CS3,1,CS,CA1,1.4153,1.4653,0.577
CS3,1,CS,CA1,1.4629,1.4364,0.5774
CS3,1,CS,CA1,1.4515,1.6048,0.4892
CS3,1,CS,CA1,1.5094,1.6067,0.391
CS3,1,CS,CA1,1.5301,1.5322,0.4751
CS3,1,CS,CA1,1.544,1.6635,0.5267
CS3,1,CS,CA1,1.463,1.5734,0.5423
CS3,1,CS,CA1,1.4372,1.4469,0.646
CS3,1,CS,CA1,1.5686,1.6336,0.4406
CS3,2,CS,CA1,1.5249,1.6786,0.464
CS3,2,CS,CA1,1.5897,1.709,0.3877
CS3,2,CS,CA1,1.5811,1.6844,0.5159
CS3,2,CS,CA1,1.4431,1.4307,0.5162
CS3,2,CS,CA1,1.4403,1.5134,0.5642
CS3,2,CS,CA1,1.5319,1.6349,0.3069
CS3,2,CS,CA1,1.5208,1.6156,0.3233
CS3,2,CS,CA1,1.4078,1.5209,0.5679
CS3,2,CS,CA1,1.5116,1.3912,0.3137
CS3,2,CS,CA1,1.3749,1.3971,0.5041
CS3,2,CS,CA1,1.4701,1.5861,0.6499
CS3,2,CS,CA1,1.4757,1.443,0.5231
CS3,2,CS,CA1,1.3379,1.4066,0.6712
CS3,2,CS,CA1,1.3707,1.376,0.6767
CS3,2,CS,CA1,1.3984,1.4539,0.5809
CS3,3,CS,CA1,1.447,1.4987,0.4425
CS3,3,CS,CA1,1.4031,1.4507,0.5759
CS3,3,CS,CA1,1.3891,1.3494,0.5228
CS3,3,CS,CA1,1.5018,1.4418,0.4355
CS3,3,CS,CA1,1.4732,1.5195,0.4598
CS3,3,CS,CA1,1.3956,1.4596,0.5683
CS3,3,CS,CA1,1.4764,1.5402,0.467
CS3,3,CS,CA1,1.5161,1.5623,0.4406
CS3,3,CS,CA1,1.474,1.7137,0.3468
CS3,3,CS,CA1,1.2412,1.3506,0.6162
CS3,3,CS,CA1,1.4946,1.5352,0.4312
CS3,3,CS,CA1,1.3968,1.3701,0.4958
CS3,3,CS,CA1,1.5109,1.5713,0.3843
CS3,3,CS,CA1,1.4425,1.4742,0.4698
CS3,3,CS,CA1,1.5061,1.5779,0.5054
CS3,4,CS,CA1,1.4287,1.4719,0.5627
CS3,4,CS,CA1,1.5408,1.6126,0.3668
CS3,4,CS,CA1,1.4878,1.5228,0.4351
CS3,4,CS,CA1,1.5422,1.3727,0.3634
CS3,4,CS,CA1,1.5846,1.6483,0.3356
CS3,4,CS,CA1,1.5836,1.679,0.3272
CS3,4,CS,CA1,1.4823,1.5481,0.461
CS3,4,CS,CA1,1.5648,1.6512,0.328
CS3,4,CS,CA1,1.5027,1.593,0.3747
CS3,4,CS,CA1,1.5635,1.5965,0.3435
CS3,4,CS,CA1,1.6105,1.6512,0.357
CS3,4,CS,CA1,1.4628,1.4646,0.4802
CS3,4,CS,CA1,1.5902,1.6024,0.3494
CS3,4,CS,CA1,1.4426,1.5027,0.5128
CS3,4,CS,CA1,1.4591,1.507,0.6229
CS3,1,CS,CA3,1.5179,1.5943,0.3902
CS3,1,CS,CA3,1.4433,1.433,0.5136
CS3,1,CS,CA3,1.3879,1.259,0.5128
CS3,1,CS,CA3,1.5089,1.5528,0.4857
CS3,1,CS,CA3,1.5169,1.5693,0.5275
CS3,1,CS,CA3,1.4472,1.5004,0.5264
CS3,1,CS,CA3,1.4835,1.5202,0.5198
CS3,1,CS,CA3,1.3065,1.3591,0.6764
CS3,1,CS,CA3,1.4717,1.5252,0.4485
CS3,1,CS,CA3,1.362,1.4271,0.5891
CS3,1,CS,CA3,1.5518,1.5162,0.3768
CS3,1,CS,CA3,1.4788,1.5552,0.5064
CS3,1,CS,CA3,1.5401,1.6687,0.4364
CS3,1,CS,CA3,1.4295,1.5045,0.535
CS3,1,CS,CA3,1.5569,1.7187,0.3747
CS3,2,CS,CA3,1.4687,1.5244,0.5335
CS3,2,CS,CA3,1.5362,1.6638,0.4478
CS3,2,CS,CA3,1.4353,1.4929,0.5466
CS3,2,CS,CA3,1.5364,1.5555,0.3668
CS3,2,CS,CA3,1.3767,1.3545,0.5567
CS3,2,CS,CA3,1.3457,1.4141,0.564
CS3,2,CS,CA3,1.5297,1.5309,0.4368
CS3,2,CS,CA3,1.436,1.5297,0.5353
CS3,2,CS,CA3,1.4457,1.4702,0.5339
CS3,2,CS,CA3,1.4129,1.4409,0.6012
CS3,2,CS,CA3,1.5337,1.5459,0.3714
CS3,2,CS,CA3,1.4777,1.4252,0.5778
CS3,2,CS,CA3,1.3578,1.5845,0.6146
CS3,2,CS,CA3,1.5213,1.474,0.4113
CS3,2,CS,CA3,1.5236,1.5772,0.4833
CS3,3,CS,CA3,1.4768,1.6128,0.4725
CS3,3,CS,CA3,1.4993,1.479,0.3743
CS3,3,CS,CA3,1.4421,1.4726,0.6415
CS3,3,CS,CA3,1.5152,1.5977,0.4532
CS3,3,CS,CA3,1.4689,1.5353,0.5489
CS3,3,CS,CA3,1.4015,1.4541,0.5657
CS3,3,CS,CA3,1.5095,1.6672,0.4609
CS3,3,CS,CA3,1.466,1.5364,0.4288
CS3,3,CS,CA3,1.4578,1.5588,0.5583
CS3,3,CS,CA3,1.5433,1.6133,0.5233
CS3,3,CS,CA3,1.523,1.4995,0.5398
CS3,3,CS,CA3,1.4867,1.4758,0.5954
CS3,3,CS,CA3,1.4187,1.49,0.597
CS3,3,CS,CA3,1.3759,1.4153,0.5134
CS3,3,CS,CA3,1.5169,1.6171,0.4284
CS3,4,CS,CA3,1.468,1.5832,0.5313
CS3,4,CS,CA3,1.4311,1.4919,0.5557
CS3,4,CS,CA3,1.4392,1.4201,0.5688
CS3,4,CS,CA3,1.4307,1.5307,0.5779
CS3,4,CS,CA3,1.3889,1.3642,0.6474
CS3,4,CS,CA3,1.375,1.3757,0.5612
CS3,4,CS,CA3,1.3686,1.1685,0.5269
CS3,4,CS,CA3,1.4358,1.4195,0.6327
CS3,4,CS,CA3,1.427,1.5472,0.6066
CS3,4,CS,CA3,1.4407,1.4594,0.483
CS3,4,CS,CA3,1.4693,1.5876,0.4847
CS3,4,CS,CA3,1.5067,1.5458,0.433
CS3,4,CS,CA3,1.4798,1.5294,0.3881
CS3,4,CS,CA3,1.4544,1.437,0.5515
CS3,4,CS,CA3,1.4846,1.5032,0.4101
CS3,1,CS,GD,1.4884,1.5892,0.3918
CS3,1,CS,GD,1.5706,1.5044,0.386
CS3,1,CS,GD,1.3465,1.335,0.5786
CS3,1,CS,GD,1.4357,1.5131,0.548
CS3,1,CS,GD,1.4619,1.4544,0.5054
CS3,1,CS,GD,1.4346,1.453,0.5576
CS3,1,CS,GD,1.5263,1.4955,0.413
CS3,1,CS,GD,1.4246,1.4919,0.5435
CS3,1,CS,GD,1.4735,1.6377,0.4123
CS3,1,CS,GD,1.525,1.5753,0.4518
CS3,1,CS,GD,1.4026,1.5265,0.5581
CS3,1,CS,GD,1.4723,1.6213,0.4099
CS3,1,CS,GD,1.5225,1.5862,0.4565
CS3,1,CS,GD,1.492,1.5731,0.4667
CS3,1,CS,GD,1.3248,1.4682,0.648
CS3,2,CS,GD,1.3583,1.4012,0.5954
CS3,2,CS,GD,1.3316,1.3927,0.6348
CS3,2,CS,GD,1.4411,1.4068,0.4558
CS3,2,CS,GD,1.4964,1.346,0.4243
CS3,2,CS,GD,1.6169,1.7667,0.3186
CS3,2,CS,GD,1.4846,1.5981,0.5697
CS3,2,CS,GD,1.3992,1.4591,0.6057
CS3,2,CS,GD,1.5618,1.7414,0.3867
CS3,2,CS,GD,1.4947,1.4791,0.4337
CS3,2,CS,GD,1.5279,1.5329,0.4498
CS3,2,CS,GD,1.5077,1.4707,0.4494
CS3,2,CS,GD,1.5128,1.5801,0.385
CS3,2,CS,GD,1.4797,1.5448,0.4516
CS3,2,CS,GD,1.5751,1.6689,0.3507
CS3,2,CS,GD,1.5301,1.5078,0.5177
CS3,3,CS,GD,1.4407,1.5162,0.5339
CS3,3,CS,GD,1.5101,1.542,0.4656
CS3,3,CS,GD,1.4053,1.4833,0.4979
CS3,3,CS,GD,1.4705,1.5703,0.4516
CS3,3,CS,GD,1.4196,1.4848,0.6104
CS3,3,CS,GD,1.3754,1.4439,0.5263
CS3,3,CS,GD,1.4371,1.4805,0.5302
CS3,3,CS,GD,1.5182,1.5761,0.5074
CS3,3,CS,GD,1.5118,1.642,0.5162
CS3,3,CS,GD,1.579,1.6581,0.421
CS3,3,CS,GD,1.4615,1.467,0.5534
CS3,3,CS,GD,1.5205,1.6568,0.39
CS3,3,CS,GD,1.4653,1.3348,0.485
CS3,3,CS,GD,1.4904,1.6167,0.4759
CS3,3,CS,GD,1.4942,1.5276,0.474
CS3,4,CS,GD,1.4162,1.545,0.4867
CS3,4,CS,GD,1.4347,1.4225,0.4888
CS3,4,CS,GD,1.4603,1.5109,0.604
CS3,4,CS,GD,1.4855,1.5216,0.471
CS3,4,CS,GD,1.5176,1.5541,0.4537
CS3,4,CS,GD,1.3482,1.4175,0.5337
CS3,4,CS,GD,1.4775,1.5332,0.4967
CS3,4,CS,GD,1.5171,1.6075,0.454
CS3,4,CS,GD,1.3848,1.4993,0.4883
CS3,4,CS,GD,1.5497,1.6041,0.3209
CS3,4,CS,GD,1.5754,1.6593,0.4052
CS3,4,CS,GD,1.507,1.5429,0.3832
CS3,4,CS,GD,1.4684,1.5399,0.412
CS3,4,CS,GD,1.4609,1.513,0.4039
CS3,4,CS,GD,1.4679,1.5901,0.5984
CS4,1,CS,CA1,1.5144,1.5832,0.4845
CS4,1,CS,CA1,1.3911,1.4704,0.4312
CS4,1,CS,CA1,1.4667,1.5356,0.558
CS4,1,CS,CA1,1.418,1.4392,0.552
CS4,1,CS,CA1,1.4157,1.4084,0.5087
CS4,1,CS,CA1,1.3979,1.4426,0.52
CS4,1,CS,CA1,1.4292,1.4774,0.6361
CS4,1,CS,CA1,1.4826,1.5525,0.5514
CS4,1,CS,CA1,1.5221,1.638,0.5159
CS4,1,CS,CA1,1.4453,1.4424,0.5752
CS4,1,CS,CA1,1.4722,1.5221,0.552
CS4,1,CS,CA1,1.4472,1.4919,0.5418
CS4,1,CS,CA1,1.4571,1.4397,0.546
CS4,1,CS,CA1,1.5598,1.7077,0.4391
CS4,1,CS,CA1,1.5114,1.5676,0.5216
CS4,2,CS,CA1,1.5557,1.5982,0.4428
CS4,2,CS,CA1,1.4054,1.5019,0.5189
CS4,2,CS,CA1,1.497,1.466,0.5671
CS4,2,CS,CA1,1.4359,1.5043,0.508
CS4,2,CS,CA1,1.3758,1.3587,0.5293
CS4,2,CS,CA1,1.4526,1.4458,0.531
CS4,2,CS,CA1,1.4101,1.5165,0.4934
CS4,2,CS,CA1,1.4812,1.4614,0.5467
CS4,2,CS,CA1,1.5084,1.546,0.6751
CS4,2,CS,CA1,1.5176,1.5852,0.5973
CS4,2,CS,CA1,1.4702,1.5597,0.5429
CS4,2,CS,CA1,1.4817,1.5672,0.5478
CS4,2,CS,CA1,1.4267,1.5547,0.5786
CS4,2,CS,CA1,1.4905,1.5819,0.5393
CS4,2,CS,CA1,1.578,1.6624,0.4752
CS4,3,CS,CA1,1.5186,1.5264,0.453
CS4,3,CS,CA1,1.3525,1.3907,0.5278
CS4,3,CS,CA1,1.4872,1.5979,0.4645
CS4,3,CS,CA1,1.52,1.5882,0.4535
CS4,3,CS,CA1,1.4979,1.7988,0.4362
CS4,3,CS,CA1,1.4062,1.4694,0.6963
CS4,3,CS,CA1,1.4367,1.4997,0.5121
CS4,3,CS,CA1,1.4445,1.4621,0.5445
CS4,3,CS,CA1,1.3902,1.3765,0.4679
CS4,3,CS,CA1,1.5034,1.656,0.4731
CS4,3,CS,CA1,1.3901,1.4827,0.6465
CS4,3,CS,CA1,1.419,1.3393,0.5521
CS4,3,CS,CA1,1.5585,1.6297,0.4522
CS4,3,CS,CA1,1.3835,1.4163,0.6497
CS4,3,CS,CA1,1.2648,1.3415,0.6379
CS4,4,CS,CA1,1.4861,1.5371,0.5616
CS4,4,CS,CA1,1.4711,1.4811,0.5727
CS4,4,CS,CA1,1.324,1.3861,0.5694
CS4,4,CS,CA1,1.5547,1.5811,0.4978
CS4,4,CS,CA1,1.3921,1.3821,0.5258
CS4,4,CS,CA1,1.4823,1.5393,0.4864
CS4,4,CS,CA1,1.4529,1.5293,0.509
CS4,4,CS,CA1,1.3368,1.3638,0.593
CS4,4,CS,CA1,1.5051,1.612,0.4344
CS4,4,CS,CA1,1.4001,1.3901,0.5171
CS4,4,CS,CA1,1.399,1.3946,0.5852
CS4,4,CS,CA1,1.4673,1.5207,0.5334
CS4,4,CS,CA1,1.5112,1.4576,0.445
CS4,4,CS,CA1,1.4995,1.5003,0.4349
CS4,4,CS,CA1,1.4031,1.4312,0.4953
CS4,1,CS,CA3,1.4783,1.5145,0.4845
CS4,1,CS,CA3,1.5103,1.6294,0.5354
CS4,1,CS,CA3,1.501,1.577,0.5387
CS4,1,CS,CA3,1.4901,1.5874,0.5342
CS4,1,CS,CA3,1.4335,1.3994,0.5939
CS4,1,CS,CA3,1.48,1.5578,0.5303
CS4,1,CS,CA3,1.3867,1.4664,0.5289
CS4,1,CS,CA3,1.508,1.4782,0.4314
CS4,1,CS,CA3,1.4023,1.4378,0.5286
CS4,1,CS,CA3,1.5254,1.5697,0.4832
CS4,1,CS,CA3,1.408,1.3673,0.5596
CS4,1,CS,CA3,1.577,1.5142,0.4251
CS4,1,CS,CA3,1.41,1.466,0.6544
CS4,1,CS,CA3,1.357,1.3947,0.4972
CS4,1,CS,CA3,1.3806,1.4601,0.5175
CS4,2,CS,CA3,1.4535,1.4815,0.5654
CS4,2,CS,CA3,1.42,1.5413,0.4693
CS4,2,CS,CA3,1.3509,1.3859,0.543
CS4,2,CS,CA3,1.4515,1.3472,0.5176
CS4,2,CS,CA3,1.3069,1.3709,0.616
CS4,2,CS,CA3,1.4774,1.5349,0.6593
CS4,2,CS,CA3,1.5091,1.5599,0.4891
CS4,2,CS,CA3,1.4234,1.4373,0.5202
CS4,2,CS,CA3,1.3782,1.4169,0.552
CS4,2,CS,CA3,1.3517,1.4318,0.5393
CS4,2,CS,CA3,1.4331,1.4484,0.52
CS4,2,CS,CA3,1.5335,1.6002,0.5685
CS4,2,CS,CA3,1.4294,1.4501,0.7294
CS4,2,CS,CA3,1.5893,1.6954,0.403
CS4,2,CS,CA3,1.378,1.5111,0.6082
CS4,3,CS,CA3,1.4639,1.3752,0.4618
CS4,3,CS,CA3,1.4974,1.4427,0.4252
CS4,3,CS,CA3,1.3788,1.3321,0.6251
CS4,3,CS,CA3,1.4462,1.4546,0.5275
CS4,3,CS,CA3,1.491,1.6614,0.449
CS4,3,CS,CA3,1.4786,1.4849,0.4304
CS4,3,CS,CA3,1.4427,1.4563,0.5351
CS4,3,CS,CA3,1.4339,1.5226,0.5989
CS4,3,CS,CA3,1.472,1.6222,0.4779
CS4,3,CS,CA3,1.4574,1.5572,0.4198
CS4,3,CS,CA3,1.4014,1.5053,0.4887
CS4,3,CS,CA3,1.4408,1.4829,0.5595
CS4,3,CS,CA3,1.4434,1.4769,0.5461
CS4,3,CS,CA3,1.401,1.3917,0.5402
CS4,3,CS,CA3,1.3997,1.4637,0.5287
CS4,4,CS,CA3,1.3974,1.5005,0.5464
CS4,4,CS,CA3,1.4249,1.463,0.5098
CS4,4,CS,CA3,1.3481,1.3415,0.587
CS4,4,CS,CA3,1.4138,1.4164,0.4841
CS4,4,CS,CA3,1.3941,1.4025,0.478
CS4,4,CS,CA3,1.4385,1.3868,0.5265
CS4,4,CS,CA3,1.4581,1.5492,0.5983
CS4,4,CS,CA3,1.3617,1.4353,0.621
CS4,4,CS,CA3,1.3708,1.4587,0.5671
CS4,4,CS,CA3,1.4169,1.481,0.6196
CS4,4,CS,CA3,1.4838,1.3485,0.4454
CS4,4,CS,CA3,1.3851,1.4811,0.4645
CS4,4,CS,CA3,1.498,1.5701,0.5329
CS4,4,CS,CA3,1.4489,1.4742,0.637
CS4,4,CS,CA3,1.3797,1.4608,0.5426
CS4,1,CS,GD,1.452,1.5129,0.5581
CS4,1,CS,GD,1.5237,1.659,0.378
CS4,1,CS,GD,1.3753,1.538,0.6167
CS4,1,CS,GD,1.4312,1.4656,0.5663
CS4,1,CS,GD,1.5172,1.7104,0.3705
CS4,1,CS,GD,1.5645,1.6042,0.3566
CS4,1,CS,GD,1.4956,1.5682,0.3853
CS4,1,CS,GD,1.4987,1.5526,0.3985
CS4,1,CS,GD,1.318,1.3226,0.7073
CS4,1,CS,GD,1.3343,1.3464,0.6556
CS4,1,CS,GD,1.5631,1.6157,0.4748
CS4,1,CS,GD,1.4984,1.5743,0.6513
CS4,1,CS,GD,1.4537,1.3848,0.5546
CS4,1,CS,GD,1.5257,1.6486,0.4482
CS4,1,CS,GD,1.5061,1.5392,0.4231
CS4,2,CS,GD,1.4695,1.5401,0.565
CS4,2,CS,GD,1.5461,1.5508,0.3374
CS4,2,CS,GD,1.4947,1.4913,0.5993
CS4,2,CS,GD,1.5292,1.526,0.4703
CS4,2,CS,GD,1.4549,1.5771,0.5502
CS4,2,CS,GD,1.4086,1.4748000000000001,0.6058
CS4,2,CS,GD,1.4156,1.4607,0.5468
CS4,2,CS,GD,1.492,1.5546,0.6376
CS4,2,CS,GD,1.4328,1.4613,0.5565
CS4,2,CS,GD,1.5433,1.5611,0.4762
CS4,2,CS,GD,1.5326,1.4922,0.4222
CS4,2,CS,GD,1.4821,1.5457,0.5307
CS4,2,CS,GD,1.5822,1.6223,0.4089
CS4,2,CS,GD,1.4812,1.3688,0.49
CS4,2,CS,GD,1.5293,1.7181,0.4469
CS4,3,CS,GD,1.4868,1.6384,0.4618
CS4,3,CS,GD,1.4833,1.5167,0.5227
CS4,3,CS,GD,1.5095,1.6471,0.4223
CS4,3,CS,GD,1.4794,1.3346,0.4138
CS4,3,CS,GD,1.4866,1.5211,0.5194
CS4,3,CS,GD,1.3963,1.5124,0.6284
CS4,3,CS,GD,1.3405,1.444,0.5068
CS4,3,CS,GD,1.3747,1.5488,0.5368
CS4,3,CS,GD,1.4959,1.4822,0.46
CS4,3,CS,GD,1.4649,1.4783,0.5794
CS4,3,CS,GD,1.4345,1.4928,0.53
CS4,3,CS,GD,1.552,1.6042,0.6023
CS4,3,CS,GD,1.5042,1.5405,0.4933
CS4,3,CS,GD,1.4084,1.4144,0.536
CS4,3,CS,GD,1.522,1.5927,0.4816
CS4,4,CS,GD,1.5571,1.6471,0.4078
CS4,4,CS,GD,1.4772,1.5379,0.4058
CS4,4,CS,GD,1.5371,1.6482,0.3626
CS4,4,CS,GD,1.3483,1.4661,0.6051
CS4,4,CS,GD,1.4484,1.4865,0.6335
CS4,4,CS,GD,1.4992,1.4561,0.4635
CS4,4,CS,GD,1.5132,1.5722,0.4155
CS4,4,CS,GD,1.5804,1.6649,0.37
CS4,4,CS,GD,1.4919,1.6515,0.4125
CS4,4,CS,GD,1.4802,1.5771,0.4986
CS4,4,CS,GD,1.485,1.5485,0.4543
CS4,4,CS,GD,1.3744,1.3118,0.6167
CS4,4,CS,GD,1.4967,1.5679,0.4993
CS4,4,CS,GD,1.5519,1.5376,0.4617
CS4,4,CS,GD,1.5209,1.5808,0.5283
CS5,1,CS,CA1,1.5368,1.5354,0.4915
CS5,1,CS,CA1,1.4808,1.4715,0.4015
CS5,1,CS,CA1,1.4866,1.453,0.5423
CS5,1,CS,CA1,1.4157,1.426,0.6144
CS5,1,CS,CA1,1.5324,1.5849,0.367
CS5,1,CS,CA1,1.5143,1.5986,0.5025
CS5,1,CS,CA1,1.3801,1.4254,0.5282
CS5,1,CS,CA1,1.3893,1.4296,0.6111
CS5,1,CS,CA1,1.5574,1.6571,0.4406
CS5,1,CS,CA1,1.3953,1.3482,0.4793
CS5,1,CS,CA1,1.3737,1.2731,0.4896
CS5,1,CS,CA1,1.4268,1.5574,0.4695
CS5,1,CS,CA1,1.4841,1.455,0.5153
CS5,1,CS,CA1,1.4339,1.4572,0.5557
CS5,1,CS,CA1,1.4042,1.4561,0.508
CS5,2,CS,CA1,1.384,1.4623,0.6413
CS5,2,CS,CA1,1.474,1.5175,0.4592
CS5,2,CS,CA1,1.3645,1.3093,0.5105
CS5,2,CS,CA1,1.3948,1.4337,0.5484
CS5,2,CS,CA1,1.4121,1.4999,0.4684
CS5,2,CS,CA1,1.4881,1.5534,0.4473
CS5,2,CS,CA1,1.4736,1.5914,0.4693
CS5,2,CS,CA1,1.4037,1.4196,0.5034
CS5,2,CS,CA1,1.4519,1.6109,0.4981
CS5,2,CS,CA1,1.3062,1.3749,0.558
CS5,2,CS,CA1,1.5261,1.5474,0.4376
CS5,2,CS,CA1,1.5316,1.6026,0.479
CS5,2,CS,CA1,1.5188,1.6299,0.495
CS5,2,CS,CA1,1.4513,1.5058,0.5072
CS5,2,CS,CA1,1.4055,1.5585,0.5471
CS5,3,CS,CA1,1.3126,1.3311,0.6232
CS5,3,CS,CA1,1.4045,1.3598,0.5456
CS5,3,CS,CA1,1.5065,1.5242,0.5446
CS5,3,CS,CA1,1.6336,1.7261,0.376
CS5,3,CS,CA1,1.5246,1.5836,0.5087
CS5,3,CS,CA1,1.4798,1.5214,0.6121
CS5,3,CS,CA1,1.4446,1.4748000000000001,0.5166
CS5,3,CS,CA1,1.3441,1.4054,0.5526
CS5,3,CS,CA1,1.4013,1.362,0.5597
CS5,3,CS,CA1,1.5305,1.5274,0.4522
CS5,3,CS,CA1,1.3615,1.6006,0.4583
CS5,3,CS,CA1,1.4434,1.4426,0.5259
CS5,3,CS,CA1,1.4713,1.491,0.5207
CS5,3,CS,CA1,1.4377,1.4808,0.4414
CS5,3,CS,CA1,1.4704,1.5213,0.6068
CS5,4,CS,CA1,1.4216,1.4031,0.513
CS5,4,CS,CA1,1.3053,1.3545,0.5096
CS5,4,CS,CA1,1.3111,1.3967,0.6009
CS5,4,CS,CA1,1.4019,1.4443,0.5631
CS5,4,CS,CA1,1.4682,1.4635,0.4491
CS5,4,CS,CA1,1.3709,1.5871,0.5046
CS5,4,CS,CA1,1.4551,1.6047,0.5734
CS5,4,CS,CA1,1.4406,1.5188,0.5423
CS5,4,CS,CA1,1.4781,1.3456,0.4016
CS5,4,CS,CA1,1.3404,1.4149,0.5241
CS5,4,CS,CA1,1.3744,1.3658,0.6208
CS5,4,CS,CA1,1.2965,1.3888,0.5441
CS5,4,CS,CA1,1.401,1.4979,0.4487
CS5,4,CS,CA1,1.3803,1.4503,0.529
CS5,4,CS,CA1,1.4752,1.4806,0.5283
CS5,1,CS,CA3,1.4196,1.3412,0.506
CS5,1,CS,CA3,1.5117,1.6442,0.5238
CS5,1,CS,CA3,1.5183,1.6271,0.4553
CS5,1,CS,CA3,1.4649,1.4858,0.5905
CS5,1,CS,CA3,1.4034,1.4464,0.5547
CS5,1,CS,CA3,1.3149,1.4902,0.6235
CS5,1,CS,CA3,1.4015,1.4412,0.5475
CS5,1,CS,CA3,1.4366,1.509,0.5578
CS5,1,CS,CA3,1.4299,1.4724,0.4548
CS5,1,CS,CA3,1.403,1.4262,0.6486
CS5,1,CS,CA3,1.3922,1.4381,0.6669
CS5,1,CS,CA3,1.4237,1.4371,0.5366
CS5,1,CS,CA3,1.53,1.4713,0.39
CS5,1,CS,CA3,1.4992,1.4688,0.3901
CS5,1,CS,CA3,1.3469,1.4397,0.5366
CS5,2,CS,CA3,1.5027,1.5727,0.4814
CS5,2,CS,CA3,1.4183,1.3447,0.4789
CS5,2,CS,CA3,1.4038,1.3975,0.5497
CS5,2,CS,CA3,1.34,1.368,0.64
CS5,2,CS,CA3,1.5131,1.677,0.3328
CS5,2,CS,CA3,1.4065,1.3982,0.6137
CS5,2,CS,CA3,1.3814,1.3257,0.5053
CS5,2,CS,CA3,1.3875,1.4794,0.5378
CS5,2,CS,CA3,1.4872,1.5503,0.4542
CS5,2,CS,CA3,1.5513,1.5271,0.371
CS5,2,CS,CA3,1.4926,1.6453,0.4789
CS5,2,CS,CA3,1.4052,1.4045,0.4995
CS5,2,CS,CA3,1.468,1.4388,0.5879
CS5,2,CS,CA3,1.3441,1.4252,0.4714
CS5,2,CS,CA3,1.5127,1.6051,0.3817
CS5,3,CS,CA3,1.4987,1.5687,0.4839
CS5,3,CS,CA3,1.4307,1.5269,0.5811
CS5,3,CS,CA3,1.5353,1.5809,0.4794
CS5,3,CS,CA3,1.5499,1.6253,0.5124
CS5,3,CS,CA3,1.4551,1.5209,0.5195
CS5,3,CS,CA3,1.4254,1.4479,0.4887
CS5,3,CS,CA3,1.4975,1.5188,0.4988
CS5,3,CS,CA3,1.4389,1.5478,0.5482
CS5,3,CS,CA3,1.4826,1.5871,0.5281
CS5,3,CS,CA3,1.4794,1.5957,0.4977
CS5,3,CS,CA3,1.4802,1.5335,0.5683
CS5,3,CS,CA3,1.5056,1.4616,0.5098
CS5,3,CS,CA3,1.4591,1.4937,0.4988
CS5,3,CS,CA3,1.5121,1.5424,0.4402
CS5,3,CS,CA3,1.4515,1.5251,0.5667
CS5,4,CS,CA3,1.5488,1.7093,0.3824
CS5,4,CS,CA3,1.5039,1.5303,0.4946
CS5,4,CS,CA3,1.5611,1.6589,0.4477
CS5,4,CS,CA3,1.3887,1,0.388
CS5,4,CS,CA3,1.3749,1.4361,0.5539
CS5,4,CS,CA3,1.372,1.4021,0.5929
CS5,4,CS,CA3,1.4467,1.5809,0.539
CS5,4,CS,CA3,1.4427,1.4879,0.5698
CS5,4,CS,CA3,1.3607,1.3926,0.5606
CS5,4,CS,CA3,1.3985,1.4174,0.4848
CS5,4,CS,CA3,1.6219,1.6595,0.3396
CS5,4,CS,CA3,1.4652,1.5593,0.5297
CS5,4,CS,CA3,1.3347,1.3468,0.5944
CS5,4,CS,CA3,1.4368,1.4015,0.4819
CS5,4,CS,CA3,1.3622,1.4536,0.5559
CS5,1,CS,GD,1.4712,1.6335,0.5717
CS5,1,CS,GD,1.4488,1.4594,0.5178
CS5,1,CS,GD,1.496,1.5628,0.5127
CS5,1,CS,GD,1.404,1.433,0.6265
CS5,1,CS,GD,1.3556,1.5287,0.5556
CS5,1,CS,GD,1.4679,1.432,0.4521
CS5,1,CS,GD,1.4632,1.4234,0.4664
CS5,1,CS,GD,1.4348,1.4109,0.4764
CS5,1,CS,GD,1.4766,1.5461,0.5662
CS5,1,CS,GD,1.4137,1.4722,0.5646
CS5,1,CS,GD,1.4489,1.4376,0.5898
CS5,1,CS,GD,1.4475,1.6324,0.5139
CS5,1,CS,GD,1.4175,1.3993,0.6355
CS5,1,CS,GD,1.4766,1.4522,0.448
CS5,1,CS,GD,1.4134,1.5221,0.6118
CS5,2,CS,GD,1.4845,1.4689,0.5143
CS5,2,CS,GD,1.51,1.5023,0.4796
CS5,2,CS,GD,1.4778,1.5295,0.5978
CS5,2,CS,GD,1.3848,1.4411,0.5153
CS5,2,CS,GD,1.3493,1.4062,0.7038
CS5,2,CS,GD,1.5443,1.6151,0.5094
CS5,2,CS,GD,1.4793,1.5481,0.5414
CS5,2,CS,GD,1.4987,1.5166,0.4612
CS5,2,CS,GD,1.4947,1.4192,0.3526
CS5,2,CS,GD,1.4638,1.649,0.4817
CS5,2,CS,GD,1.5198,1.6858,0.3711
CS5,2,CS,GD,1.4393,1.5137,0.415
CS5,2,CS,GD,1.5042,1.4813,0.4736
CS5,2,CS,GD,1.4396,1.3907,0.5582
CS5,2,CS,GD,1.3987,1.4322,0.5707
CS5,3,CS,GD,1.3975,1.4507,0.5981
CS5,3,CS,GD,1.596,1.7334,0.3241
CS5,3,CS,GD,1.4966,1.6002,0.579
CS5,3,CS,GD,1.5041,1.6067,0.5727
CS5,3,CS,GD,1.3613,1.4175,0.5715
CS5,3,CS,GD,1.4168,1.5013,0.5431
CS5,3,CS,GD,1.4598,1.6416,0.4495
CS5,3,CS,GD,1.452,1.3337,0.4467
CS5,3,CS,GD,1.4321,1.3779,0.5117
CS5,3,CS,GD,1.5969,1.7357,0.378
CS5,3,CS,GD,1.363,1.4055,0.494
CS5,3,CS,GD,1.3739,1.4817,0.6139
CS5,3,CS,GD,1.4487,1.57,0.5863
CS5,3,CS,GD,1.3929,1.5149,0.5652
CS5,3,CS,GD,1.2868,1.4472,0.5283
CS5,4,CS,GD,1.4295,1.4739,0.4903
CS5,4,CS,GD,1.439,1.6591,0.4734
CS5,4,CS,GD,1.4555,1.5702,0.4437
CS5,4,CS,GD,1.5625,1.6972,0.439
CS5,4,CS,GD,1.5204,1.4655,0.398
CS5,4,CS,GD,1.5164,1.5812,0.4528
CS5,4,CS,GD,1.516,1.6189,0.4679
CS5,4,CS,GD,1.484,1.3908,0.4317
CS5,4,CS,GD,1.4743,1.4318,0.4857
CS5,4,CS,GD,1.5364,1.7133,0.4066
CS5,4,CS,GD,1.4437,1.4446,0.5381
CS5,4,CS,GD,1.4097,1.3958,0.4896
CS5,4,CS,GD,1.4787,1.5773,0.4783
CS5,4,CS,GD,1.5089,1.5755,0.5587
CS5,4,CS,GD,1.5147,1.6122,0.5063
CL1,1,CL,CA1,1.5542,1.5662,0.4573
CL1,1,CL,CA1,1.4912,1.678,0.35
CL1,1,CL,CA1,1.4152,1.5889,0.5183
CL1,1,CL,CA1,1.5191,1.5043,0.3712
CL1,1,CL,CA1,1.5077,1.6365,0.378
CL1,1,CL,CA1,1.3179,1.4381,0.5638
CL1,1,CL,CA1,1.3205,1.39,0.5482
CL1,1,CL,CA1,1.3031,1.2726,0.5659
CL1,1,CL,CA1,1.3519,1.499,0.5168
CL1,1,CL,CA1,1.4875,1.6914,0.5454
CL1,1,CL,CA1,1.4295,1.5063,0.577
CL1,1,CL,CA1,1.4949,1.5544,0.4162
CL1,1,CL,CA1,1.3985,1.4728,0.451
CL1,1,CL,CA1,1.4542,1.4435,0.4932
CL1,1,CL,CA1,1.4274,1.3997,0.4658
CL1,2,CL,CA1,1.3757,1.3282,0.5167
CL1,2,CL,CA1,1.5726,1.5364,0.3981
CL1,2,CL,CA1,1.4088,1.4227,0.4987
CL1,2,CL,CA1,1.3516,1.322,0.5798
CL1,2,CL,CA1,1.4175,1.5461,0.5109
CL1,2,CL,CA1,1.4122,1.2482,0.5712
CL1,2,CL,CA1,1.4747,1.4664,0.5726
CL1,2,CL,CA1,1.3509,1.4288,0.4886
CL1,2,CL,CA1,1.4718,1.6052,0.4931
CL1,2,CL,CA1,1.491,1.6021,0.5468
CL1,2,CL,CA1,1.4563,1.6208,0.4675
CL1,2,CL,CA1,1.5073,1.5921,0.5577
CL1,2,CL,CA1,1.4768,1.5728,0.5164
CL1,2,CL,CA1,1.413,1.2524,0.4735
CL1,2,CL,CA1,1.2427,1.706,0.4148
CL1,3,CL,CA1,1.4165,1.4252,0.4942
CL1,3,CL,CA1,1.4088,1.472,0.5061
CL1,3,CL,CA1,1.4016,1.468,0.5716
CL1,3,CL,CA1,1.5873,1.7078,0.3696
CL1,3,CL,CA1,1.3962,1.4421,0.5414
CL1,3,CL,CA1,1.352,1.4048,0.6171
CL1,3,CL,CA1,1.4357,1.4496,0.5408
CL1,3,CL,CA1,1.3469,1.4788,0.5136
CL1,3,CL,CA1,1.3933,1.3722,0.4751
CL1,3,CL,CA1,1.5524,1.6039,0.4115
CL1,3,CL,CA1,1.5284,1.445,0.3196
CL1,3,CL,CA1,1.5449,1.6115,0.3407
CL1,3,CL,CA1,1.5807,1.5876,0.3422
CL1,3,CL,CA1,1.4902,1.4942,0.5175
CL1,3,CL,CA1,1.5038,1.3859,0.4104
CL1,4,CL,CA1,1.5617,1.3837,0.3343
CL1,4,CL,CA1,1.5356,1.5998000000000001,0.3805
CL1,4,CL,CA1,1.3754,1.3415,0.5233
CL1,4,CL,CA1,1.4763,1.5138,0.4177
CL1,4,CL,CA1,1.5635,1.6901,0.3923
CL1,4,CL,CA1,1.4358,1.6038,0.584
CL1,4,CL,CA1,1.5022,1.6156,0.4167
CL1,4,CL,CA1,1.215,0.6101,0.3023
CL1,4,CL,CA1,1.533,1.5078,0.4704
CL1,4,CL,CA1,1.4357,1.5237,0.4652
CL1,4,CL,CA1,1.4108,1.3412,0.4711
CL1,4,CL,CA1,1.5503,1.8576,0.3439
CL1,4,CL,CA1,1.4098,1.4954,0.5147
CL1,4,CL,CA1,1.4515,1.6347,0.5118
CL1,4,CL,CA1,1.4172,1.4226,0.5764
CL1,1,CL,CA3,1.329,1.3431,0.4388
CL1,1,CL,CA3,1.4132,1.4755,0.4991
CL1,1,CL,CA3,1.4098,1.4949,0.5664
CL1,1,CL,CA3,1.3567,1.5075,0.5237
CL1,1,CL,CA3,1.3965,1.4443,0.4748
CL1,1,CL,CA3,1.475,1.5885,0.5641
CL1,1,CL,CA3,1.3919,1.3452,0.5572
CL1,1,CL,CA3,1.5147,1.5865,0.4281
CL1,1,CL,CA3,1.4941,1.5851,0.5401
CL1,1,CL,CA3,1.4853,1.4658,0.5078
CL1,1,CL,CA3,1.4798,1.5671,0.5668
CL1,1,CL,CA3,1.4594,1.4581,0.4761
CL1,1,CL,CA3,1.4099,1.0361,0.3685
CL1,1,CL,CA3,1.4679,1.3807,0.4754
CL1,1,CL,CA3,1.4575,1.4873,0.5561
CL1,2,CL,CA3,1.5294,1.5894,0.4512
CL1,2,CL,CA3,1.4457,1.5176,0.4885
CL1,2,CL,CA3,1.4903,1.4678,0.5441
CL1,2,CL,CA3,1.4323,1.5459,0.5794
CL1,2,CL,CA3,1.5375,1.5777,0.3815
CL1,2,CL,CA3,1.4967,1.4786,0.478
CL1,2,CL,CA3,1.4459,1.3394,0.4083
CL1,2,CL,CA3,1.4475,1.488,0.5324
CL1,2,CL,CA3,1.5036,1.5151,0.4096
CL1,2,CL,CA3,1.452,1.4696,0.5494
CL1,2,CL,CA3,1.5268,1.7324,0.3796
CL1,2,CL,CA3,1.3411,1.3608,0.5378
CL1,2,CL,CA3,1.514,1.6172,0.4774
CL1,2,CL,CA3,1.4511,1.5775,0.4597
CL1,2,CL,CA3,1.4713,1.5607,0.522
CL1,3,CL,CA3,1.494,1.542,0.4767
CL1,3,CL,CA3,1.487,1.6183,0.5157
CL1,3,CL,CA3,1.3927,1.4859,0.5504
CL1,3,CL,CA3,1.5616,1.6467,0.3602
CL1,3,CL,CA3,1.5129,1.6551,0.4736
CL1,3,CL,CA3,1.4927,1.4669,0.4882
CL1,3,CL,CA3,1.405,1.3884,0.4781
CL1,3,CL,CA3,1.3755,1.4026,0.4494
CL1,3,CL,CA3,1.4917,1.613,0.4284
CL1,3,CL,CA3,1.4016,1.483,0.5091
CL1,3,CL,CA3,1.4973,1.5081,0.4807
CL1,3,CL,CA3,1.387,1.5018,0.535
CL1,3,CL,CA3,1.3984,1.4676,0.6153
CL1,3,CL,CA3,1.4475,1.4949,0.6022
CL1,3,CL,CA3,1.4769,1.5556,0.5118
CL1,4,CL,CA3,ø₎ = Samples of Size ø Containing Foreground Pixels (F) at ɢ,1.6892,(-)regression line slope for ln(Y₍ø₎) vs ln(ø) ∀ ø∈Ø
CL1,4,CL,CA3,ø₎ = Samples of Size ø Containing Foreground Pixels (F) at ɢ,1.5972,(-)regression line slope for ln(Y₍ø₎) vs ln(ø) ∀ ø∈Ø
CL1,4,CL,CA3,ø₎ = Samples of Size ø Containing Foreground Pixels (F) at ɢ,1.4934,(-)regression line slope for ln(Y₍ø₎) vs ln(ø) ∀ ø∈Ø
CL1,4,CL,CA3,ø₎ = Samples of Size ø Containing Foreground Pixels (F) at ɢ,1.5408,(-)regression line slope for ln(Y₍ø₎) vs ln(ø) ∀ ø∈Ø
CL1,4,CL,CA3,ø₎ = Samples of Size ø Containing Foreground Pixels (F) at ɢ,1.5604,(-)regression line slope for ln(Y₍ø₎) vs ln(ø) ∀ ø∈Ø
CL1,4,CL,CA3,NA,NA,NA
CL1,4,CL,CA3,NA,NA,NA
CL1,4,CL,CA3,NA,NA,NA
CL1,4,CL,CA3,NA,NA,NA
CL1,4,CL,CA3,NA,NA,NA
CL1,4,CL,CA3,NA,NA,NA
CL1,4,CL,CA3,NA,NA,NA
CL1,4,CL,CA3,NA,NA,NA
CL1,4,CL,CA3,NA,NA,NA
CL1,4,CL,CA3,NA,NA,NA
CL1,1,CL,GD,1.458,1.5371,0.5104
CL1,1,CL,GD,1.4827,1.5054,0.4809
CL1,1,CL,GD,1.4529,1.5171,0.5112
CL1,1,CL,GD,1.46,1.4326,0.4289
CL1,1,CL,GD,1.4141,1.3936,0.5422
CL1,1,CL,GD,1.3944,1.5606,0.4522
CL1,1,CL,GD,1.4646,1.5528,0.4735
CL1,1,CL,GD,1.4554,1.4982,0.4793
CL1,1,CL,GD,1.3642,1.3381,0.5313
CL1,1,CL,GD,1.4398,1.4876,0.5052
CL1,1,CL,GD,1.5125,1.5282,0.4346
CL1,1,CL,GD,1.4266,1.5128,0.574
CL1,1,CL,GD,1.4372,1.4432,0.4735
CL1,1,CL,GD,1.3882,1.3159,0.5516
CL1,1,CL,GD,1.3785,1.392,0.5358
CL1,2,CL,GD,1.36,1.3827,0.5945
CL1,2,CL,GD,1.4807,1.5337,0.4903
CL1,2,CL,GD,1.5462,1.6214,0.5366
CL1,2,CL,GD,1.4424,1.3647,0.5087
CL1,2,CL,GD,1.4946,1.5776,0.4566
CL1,2,CL,GD,1.4734,1.5387,0.5589
CL1,2,CL,GD,1.3979,1.4957,0.5593
CL1,2,CL,GD,1.4934,1.3767,0.4318
CL1,2,CL,GD,1.4019,1.4193,0.5542
CL1,2,CL,GD,1.4191,1.5143,0.644
CL1,2,CL,GD,1.4067,1.3112,0.5717
CL1,2,CL,GD,1.4517,1.5321,0.4531
CL1,2,CL,GD,1.5245,1.5448,0.4108
CL1,2,CL,GD,1.3719,1.3714,0.6109
CL1,2,CL,GD,1.4138,1.498,0.5856
CL1,3,CL,GD,1.5604,1.4609,0.402
CL1,3,CL,GD,1.3986,1.475,0.5451
CL1,3,CL,GD,1.4295,1.4908,0.5102
CL1,3,CL,GD,1.4613,1.5029,0.497
CL1,3,CL,GD,1.3693,1.3037,0.5589
CL1,3,CL,GD,1.4917,1.5992,0.5225
CL1,3,CL,GD,1.3935,1.5383,0.5082
CL1,3,CL,GD,1.4315,1.3952,0.5502
CL1,3,CL,GD,1.4972,1.5385,0.5475
CL1,3,CL,GD,1.5271,1.5308,0.4645
CL1,3,CL,GD,1.3409,1.3566,0.5632
CL1,3,CL,GD,1.5217,1.2929,0.3506
CL1,3,CL,GD,1.4456,1.5004,0.5109
CL1,3,CL,GD,1.4088,1.4759,0.5494
CL1,3,CL,GD,1.3813,1.4724,0.5516
CL1,4,CL,GD,1.4488,1.4785,0.5636
CL1,4,CL,GD,1.4953,1.6221,0.5
CL1,4,CL,GD,1.4296,1.485,0.4925
CL1,4,CL,GD,1.4522,1.4854,0.4215
CL1,4,CL,GD,1.4357,1.5028,0.4993
CL1,4,CL,GD,1.4335,1.5586,0.5477
CL1,4,CL,GD,1.4732,1.4038,0.4387
CL1,4,CL,GD,1.436,1.5178,0.4934
CL1,4,CL,GD,1.535,1.6668,0.435
CL1,4,CL,GD,1.4762,1.622,0.5058
CL1,4,CL,GD,1.5173,1.4255,0.423
CL1,4,CL,GD,1.431,1.4768,0.5229
CL1,4,CL,GD,1.5366,1.5835,0.395
CL1,4,CL,GD,1.4143,1.545,0.5514
CL1,4,CL,GD,1.4278,1.3823,0.5855
CL2,1,CL,CA1,1.3535,1.3525,0.5726
CL2,1,CL,CA1,1.4535,1.5201,0.5015
CL2,1,CL,CA1,1.312,1.4467,0.5458
CL2,1,CL,CA1,1.4637,1.5983,0.5346
CL2,1,CL,CA1,1.415,1.5173,0.5254
CL2,1,CL,CA1,1.4527,1.4611,0.5351
CL2,1,CL,CA1,1.3612,1.4709,0.5426
CL2,1,CL,CA1,1.4658,1.4444,0.4999
CL2,1,CL,CA1,1.4084,1.4431,0.5238
CL2,1,CL,CA1,1.4462,1.4169,0.6704
CL2,1,CL,CA1,1.5111,1.4968,0.4896
CL2,1,CL,CA1,1.4501,1.571,0.5457
CL2,1,CL,CA1,1.4086,1.5592,0.601
CL2,1,CL,CA1,1.4047,1.4523,0.532
CL2,1,CL,CA1,1.5084,1.5996,0.5008
CL2,2,CL,CA1,1.4249,1.4611,0.6113
CL2,2,CL,CA1,1.3591,1.2948,0.5219
CL2,2,CL,CA1,1.3651,1.6696,0.4685
CL2,2,CL,CA1,1.4437,1.5067,0.5951
CL2,2,CL,CA1,1.5264,1.6624,0.402
CL2,2,CL,CA1,1.3203,1.3364,0.5561
CL2,2,CL,CA1,1.5369,1.6248,0.4248
CL2,2,CL,CA1,1.4544,1.5157,0.584
CL2,2,CL,CA1,1.5069,1.5877,0.4383
CL2,2,CL,CA1,1.3748,1.4979,0.5405
CL2,2,CL,CA1,1.3835,1.5149,0.5444
CL2,2,CL,CA1,1.4564,1.5847,0.5556
CL2,2,CL,CA1,1.3959,1.3663,0.5611
CL2,2,CL,CA1,1.3981,1.3852,0.5567
CL2,2,CL,CA1,1.3404,1.4346,0.6044
CL2,3,CL,CA1,1.4184,1.4738,0.6149
CL2,3,CL,CA1,1.5679,1.6408,0.3812
CL2,3,CL,CA1,1.4895,1.5641,0.4742
CL2,3,CL,CA1,1.4587,1.4863,0.4785
CL2,3,CL,CA1,1.5101,1.5486,0.5392
CL2,3,CL,CA1,1.5261,1.5835,0.5483
CL2,3,CL,CA1,1.4456,1.5611,0.4658
CL2,3,CL,CA1,1.5965,1.4064,0.3024
CL2,3,CL,CA1,1.5152,1.6027,0.4557
CL2,3,CL,CA1,1.4841,1.4762,0.4769
CL2,3,CL,CA1,1.4574,1.5293,0.449
CL2,3,CL,CA1,1.357,1.4479,0.669
CL2,3,CL,CA1,1.443,1.5636,0.5236
CL2,3,CL,CA1,1.4392,1.4514,0.6173
CL2,3,CL,CA1,1.3768,1.4596,0.5062
CL2,4,CL,CA1,1.2997,1.3724,0.631
CL2,4,CL,CA1,1.3223,1.3444,0.5275
CL2,4,CL,CA1,1.3487,1.3754,0.4885
CL2,4,CL,CA1,1.342,1.4084,0.6465
CL2,4,CL,CA1,1.4802,1.5605,0.496
CL2,4,CL,CA1,1.5114,1.6185,0.4961
CL2,4,CL,CA1,1.4099,1.4298,0.5606
CL2,4,CL,CA1,1.4324,1.4526,0.5214
CL2,4,CL,CA1,1.3968,1.3989,0.6003
CL2,4,CL,CA1,1.3999,1.5123,0.6718
CL2,4,CL,CA1,1.437,1.473,0.6296
CL2,4,CL,CA1,1.5042,1.6194,0.4171
CL2,4,CL,CA1,1.4409,1.5182,0.5871
CL2,4,CL,CA1,1.4918,1.5223,0.5673
CL2,4,CL,CA1,1.4548,1.494,0.4765
CL2,1,CL,CA3,1.363,1.4623,0.5917
CL2,1,CL,CA3,1.4773,1.675,0.403
CL2,1,CL,CA3,1.3286,1.3608,0.6118
CL2,1,CL,CA3,1.4035,1.4332,0.5412
CL2,1,CL,CA3,1.4401,1.4949,0.4744
CL2,1,CL,CA3,1.5202,1.3903,0.4166
CL2,1,CL,CA3,1.4925,1.5725,0.4576
CL2,1,CL,CA3,1.4319,1.4161,0.444
CL2,1,CL,CA3,1.4178,1.5392,0.4928
CL2,1,CL,CA3,1.4918,1.7583,0.4401
CL2,1,CL,CA3,1.4046,1.4907,0.5877
CL2,1,CL,CA3,1.3579,1.3929,0.521
CL2,1,CL,CA3,1.4642,1.527,0.4359
CL2,1,CL,CA3,1.3784,1.4889,0.5675
CL2,1,CL,CA3,1.3826,1.3839,0.478
CL2,2,CL,CA3,1.4725,1.5679,0.5521
CL2,2,CL,CA3,1.5153,1.5696,0.5322
CL2,2,CL,CA3,1.5103,1.4704,0.4843
CL2,2,CL,CA3,1.4152,1.5011,0.6
CL2,2,CL,CA3,1.4869,1.5722,0.5236
CL2,2,CL,CA3,1.4672,1.4919,0.5229
CL2,2,CL,CA3,1.5331,1.6063,0.4558
CL2,2,CL,CA3,1.4406,1.5114,0.5807
CL2,2,CL,CA3,1.4175,1.4759,0.62
CL2,2,CL,CA3,1.5074,1.5624,0.4276
CL2,2,CL,CA3,1.4473,1.5199,0.5687
CL2,2,CL,CA3,1.5569,1.637,0.43
CL2,2,CL,CA3,1.5266,1.5816,0.5307
CL2,2,CL,CA3,1.4112,1.4398,0.515
CL2,2,CL,CA3,1.4815,1.602,0.5846
CL2,3,CL,CA3,1.4115,1.401,0.5825
CL2,3,CL,CA3,1.3978,1.4334,0.5312
CL2,3,CL,CA3,1.3949,1.4897,0.5235
CL2,3,CL,CA3,1.3156,1.4076,0.5483
CL2,3,CL,CA3,1.3415,1.4591,0.5204
CL2,3,CL,CA3,1.4761,1.5226,0.4655
CL2,3,CL,CA3,1.4954,1.451,0.5013
CL2,3,CL,CA3,1.5063,1.5765,0.5048
CL2,3,CL,CA3,1.4889,1.3994,0.4757
CL2,3,CL,CA3,1.4791,1.5265,0.5326
CL2,3,CL,CA3,1.4693,1.5258,0.5127
CL2,3,CL,CA3,1.4571,1.4833,0.381
CL2,3,CL,CA3,1.4357,1.5104,0.6411
CL2,3,CL,CA3,1.5727,1.7341,0.4135
CL2,3,CL,CA3,1.4714,1.6274,0.5621
CL2,4,CL,CA3,1.4412,1.4674,0.5903
CL2,4,CL,CA3,1.5079,1.5503,0.5207
CL2,4,CL,CA3,1.4894,1.5326,0.5597
CL2,4,CL,CA3,1.4144,1.4979,0.5624
CL2,4,CL,CA3,1.4834,1.5121,0.5246
CL2,4,CL,CA3,1.4431,1.4946,0.5578
CL2,4,CL,CA3,1.5072,1.6597,0.3791
CL2,4,CL,CA3,1.4283,1.47,0.5657
CL2,4,CL,CA3,1.2836,1.3296,0.8165
CL2,4,CL,CA3,1.4966,1.5609,0.4893
CL2,4,CL,CA3,1.4478,1.4436,0.481
CL2,4,CL,CA3,1.486,1.5575,0.5707
CL2,4,CL,CA3,1.4231,1.4463,0.5299
CL2,4,CL,CA3,1.4016,1.4734,0.5028
CL2,4,CL,CA3,1.4336,1.5089,0.5639
CL2,1,CL,GD,1.5264,1.5226,0.5069
CL2,1,CL,GD,1.4867,1.4926,0.5663
CL2,1,CL,GD,1.5123,1.5607,0.5196
CL2,1,CL,GD,1.4989,1.6014,0.5355
CL2,1,CL,GD,1.4793,1.544,0.5061
CL2,1,CL,GD,1.4392,1.4938,0.6602
CL2,1,CL,GD,1.4663,1.609,0.384
CL2,1,CL,GD,1.4174,1.4842,0.4346
CL2,1,CL,GD,1.4793,1.5386,0.5376
CL2,1,CL,GD,1.4759,1.4935,0.4903
CL2,1,CL,GD,1.5166,1.6038,0.5242
CL2,1,CL,GD,1.4759,1.4935,0.4903
CL2,1,CL,GD,1.3735,1.4773,0.6261
CL2,1,CL,GD,1.4043,1.4412,0.6002
CL2,1,CL,GD,1.5199,1.5578,0.5354
CL2,2,CL,GD,1.3256,1.3098,0.5872
CL2,2,CL,GD,1.3995,1.4419,0.6384
CL2,2,CL,GD,1.4478,1.4295,0.6256
CL2,2,CL,GD,1.4952,1.4245,0.5133
CL2,2,CL,GD,1.4797,1.4561,0.5002
CL2,2,CL,GD,1.4556,1.5384,0.5045
CL2,2,CL,GD,1.5291,1.5759,0.5177
CL2,2,CL,GD,1.5097,1.54,0.542
CL2,2,CL,GD,1.4829,1.5352,0.5382
CL2,2,CL,GD,1.5052,1.5753,0.5869
CL2,2,CL,GD,1.4524,1.5062,0.5247
CL2,2,CL,GD,1.4763,1.5317,0.573
CL2,2,CL,GD,1.5074,1.667,0.5022
CL2,2,CL,GD,1.3917,1.4064,0.5454
CL2,2,CL,GD,1.5627,1.6671,0.4895
CL2,3,CL,GD,1.3892,1.5035,0.6146
CL2,3,CL,GD,1.4864,1.609,0.4837
CL2,3,CL,GD,1.439,1.5185,0.4984
CL2,3,CL,GD,1.4777,1.5422,0.5538
CL2,3,CL,GD,1.5597,1.7956,0.3628
CL2,3,CL,GD,1.5207,1.4803,0.4075
CL2,3,CL,GD,1.4585,1.5268,0.5518
CL2,3,CL,GD,1.4549,1.484,0.5229
CL2,3,CL,GD,1.4825,1.5129,0.4735
CL2,3,CL,GD,1.4918,1.614,0.5348
CL2,3,CL,GD,1.4208,1.4758,0.4987
CL2,3,CL,GD,1.3747,1.4536,0.6344
CL2,3,CL,GD,1.3531,1.3089,0.5907
CL2,3,CL,GD,1.465,1.5707,0.5072
CL2,3,CL,GD,1.522,1.5906,0.4398
CL2,4,CL,GD,1.3812,1.386,0.5768
CL2,4,CL,GD,1.3865,1.4099,0.5697
CL2,4,CL,GD,1.4975,1.4371,0.5644
CL2,4,CL,GD,1.4362,1.5335,0.5645
CL2,4,CL,GD,1.4372,1.5271,0.6471
CL2,4,CL,GD,1.4484,1.4681,0.5786
CL2,4,CL,GD,1.3699,1.3623,0.5174
CL2,4,CL,GD,1.504,1.6419,0.5538
CL2,4,CL,GD,1.3725,1.4383,0.5096
CL2,4,CL,GD,1.4199,1.4006,0.5795
CL2,4,CL,GD,1.4948,1.5545,0.4924
CL2,4,CL,GD,1.4771,1.5656,0.501
CL2,4,CL,GD,1.4429,1.4989,0.4829
CL2,4,CL,GD,1.4604,1.6294,0.5597
CL2,4,CL,GD,1.3852,1.5002,0.5149
CL3,1,CL,CA1,1.5194,1.6071,0.494
CL3,1,CL,CA1,1.4255,1.4506,0.5458
CL3,1,CL,CA1,1.4119,1.3432,0.5436
CL3,1,CL,CA1,1.455,1.5664,0.5178
CL3,1,CL,CA1,1.4139,1.5464,0.5893
CL3,1,CL,CA1,1.4747,1.5201,0.4489
CL3,1,CL,CA1,1.4192,1.4928,0.6343
CL3,1,CL,CA1,1.3667,1.36,0.6418
CL3,1,CL,CA1,1.4693,1.444,0.4627
CL3,1,CL,CA1,1.4366,1.4591,0.6067
CL3,1,CL,CA1,1.3975,1.4848,0.5799
CL3,1,CL,CA1,1.4554,1.3897,0.5267
CL3,1,CL,CA1,1.3772,1.5048,0.5914
CL3,1,CL,CA1,1.4341,1.5053,0.6015
CL3,1,CL,CA1,1.5177,1.6278,0.4318
CL3,2,CL,CA1,1.5119,1.412,0.4394
CL3,2,CL,CA1,1.4643,1.5372,0.6158
CL3,2,CL,CA1,1.2943,1.1959,0.5398
CL3,2,CL,CA1,1.4343,1.4145,0.5373
CL3,2,CL,CA1,1.4233,1.4174,0.4996
CL3,2,CL,CA1,1.4121,1.5116,0.5057
CL3,2,CL,CA1,1.3408,1.4185,0.5832
CL3,2,CL,CA1,1.4234,1.5546,0.4188
CL3,2,CL,CA1,1.3782,1.5767,0.5331
CL3,2,CL,CA1,1.576,1.383,0.3639
CL3,2,CL,CA1,1.4916,1.5029,0.4349
CL3,2,CL,CA1,1.4512,1.3881,0.4635
CL3,2,CL,CA1,1.4712,1.5227,0.5347
CL3,2,CL,CA1,1.4333,1.5297,0.5436
CL3,2,CL,CA1,1.5647,1.6296,0.4134
CL3,3,CL,CA1,1.4056,1.4885,0.545
CL3,3,CL,CA1,1.4684,1.5219,0.4575
CL3,3,CL,CA1,1.2705,1.358,0.5381
CL3,3,CL,CA1,1.4311,1.4823,0.4568
CL3,3,CL,CA1,1.4328,1.4625,0.5498
CL3,3,CL,CA1,1.3907,1.444,0.5459
CL3,3,CL,CA1,1.4019,1.5788,0.5821
CL3,3,CL,CA1,1.5842,1.5628,0.4583
CL3,3,CL,CA1,1.3862,1.3973,0.4363
CL3,3,CL,CA1,1.3926,1.4668,0.5323
CL3,3,CL,CA1,1.432,1.4576,0.6391
CL3,3,CL,CA1,1.4792,1.5375,0.476
CL3,3,CL,CA1,1.3264,1.2179,0.548
CL3,3,CL,CA1,1.4468,1.4954,0.5264
CL3,3,CL,CA1,1.4157,1.4787,0.5625
CL3,4,CL,CA1,1.4065,1.4415,0.6733
CL3,4,CL,CA1,1.4366,1.3596,0.5581
CL3,4,CL,CA1,1.3835,1.4109,0.6303
CL3,4,CL,CA1,1.5474,1.3795,0.4007
CL3,4,CL,CA1,1.4024,1.4826,0.5605
CL3,4,CL,CA1,1.4793,1.5153,0.5217
CL3,4,CL,CA1,1.3672,0.646,0.3313
CL3,4,CL,CA1,1.5002,1.6091,0.5333
CL3,4,CL,CA1,1.4648,1.599,0.4936
CL3,4,CL,CA1,1.32,1.2752,0.5019
CL3,4,CL,CA1,1.4054,1.3668,0.5519
CL3,4,CL,CA1,1.5843,1.5072,0.4721
CL3,4,CL,CA1,1.5266,1.5641,0.4578
CL3,4,CL,CA1,1.4859,1.588,0.5171
CL3,4,CL,CA1,1.4356,1.3598,0.4841
CL3,1,CL,CA3,1.4199,1.5868,0.5432
CL3,1,CL,CA3,1.4634,1.5163,0.5443
CL3,1,CL,CA3,1.3854,1.3658,0.6155
CL3,1,CL,CA3,1.3475,1.4422,0.4651
CL3,1,CL,CA3,1.4443,1.5099,0.595
CL3,1,CL,CA3,1.3615,1.3761,0.6592
CL3,1,CL,CA3,1.4423,1.4162,0.5602
CL3,1,CL,CA3,1.4776,1.2854,0.4727
CL3,1,CL,CA3,1.4715,1.4942,0.4467
CL3,1,CL,CA3,1.3781,1.4043,0.5615
CL3,1,CL,CA3,1.3573,1.4378,0.4253
CL3,1,CL,CA3,1.3761,1.5322,0.5569
CL3,1,CL,CA3,1.4037,1.4059,0.4742
CL3,1,CL,CA3,1.4347,1.5218,0.57
CL3,1,CL,CA3,1.5109,1.5281,0.562
CL3,2,CL,CA3,1.5198,1.5901,0.5287
CL3,2,CL,CA3,1.4214,1.5703,0.4606
CL3,2,CL,CA3,1.4737,1.5472,0.456
CL3,2,CL,CA3,1.4184,1.5499,0.5312
CL3,2,CL,CA3,1.4147,1.3259,0.5328
CL3,2,CL,CA3,1.3817,1.4509,0.5386
CL3,2,CL,CA3,1.4051,1.4758,0.6463
CL3,2,CL,CA3,1.4451,1.5518,0.5079
CL3,2,CL,CA3,1.4349,1.5471,0.6136
CL3,2,CL,CA3,1.4258,1.4758,0.5075
CL3,2,CL,CA3,1.3696,1.4665,0.5011
CL3,2,CL,CA3,1.4854,1.5443,0.4187
CL3,2,CL,CA3,1.5099,1.4618,0.4393
CL3,2,CL,CA3,1.5358,1.6178,0.4988
CL3,2,CL,CA3,1.5145,1.4768,0.4932
CL3,3,CL,CA3,1.3342,1.3158,0.4601
CL3,3,CL,CA3,1.4364,1.4733,0.5486
CL3,3,CL,CA3,1.5348,1.485,0.4806
CL3,3,CL,CA3,1.6185,1.725,0.3378
CL3,3,CL,CA3,1.4727,1.493,0.451
CL3,3,CL,CA3,1.428,1.4662,0.5668
CL3,3,CL,CA3,1.4024,1.4215,0.5575
CL3,3,CL,CA3,1.3637,1.3847,0.5847
CL3,3,CL,CA3,1.3556,1.4062,0.4767
CL3,3,CL,CA3,1.3645,1.3592,0.5019
CL3,3,CL,CA3,1.4344,1.3856,0.492
CL3,3,CL,CA3,1.5214,1.7178,0.4157
CL3,3,CL,CA3,1.3689,1.4859,0.5421
CL3,3,CL,CA3,1.3936,1.4058,0.6046
CL3,3,CL,CA3,1.4728,1.4682,0.5087
CL3,4,CL,CA3,1.4985,1.6332,0.4778
CL3,4,CL,CA3,1.508,1.597,0.4666
CL3,4,CL,CA3,1.3082,1.381,0.5433
CL3,4,CL,CA3,1.5465,1.6203,0.3303
CL3,4,CL,CA3,1.3805,1.4156,0.5912
CL3,4,CL,CA3,1.4609,1.606,0.5168
CL3,4,CL,CA3,1.5123,1.5335,0.5812
CL3,4,CL,CA3,1.3795,1.4745,0.5654
CL3,4,CL,CA3,1.4137,1.5216,0.5114
CL3,4,CL,CA3,1.5238,1.5951,0.4046
CL3,4,CL,CA3,1.4988,1.4671,0.4294
CL3,4,CL,CA3,1.4478,1.5113,0.3793
CL3,4,CL,CA3,1.4461,1.4919,0.5795
CL3,4,CL,CA3,1.4996,1.5939,0.4684
CL3,4,CL,CA3,1.4262,1.4238,0.5419
CL3,1,CL,GD,1.4154,1.416,0.5721
CL3,1,CL,GD,1.4721,1.6529,0.4692
CL3,1,CL,GD,1.4196,1.546,0.5368
CL3,1,CL,GD,1.4779,1.5464,0.5246
CL3,1,CL,GD,1.4505,1.5771,0.4567
CL3,1,CL,GD,1.4375,1.5847,0.4924
CL3,1,CL,GD,1.4904,1.6116,0.4474
CL3,1,CL,GD,1.5043,1.497,0.4615
CL3,1,CL,GD,1.5216,1.5602,0.4737
CL3,1,CL,GD,1.4535,1.5007,0.4751
CL3,1,CL,GD,1.4292,1.6551,0.5552
CL3,1,CL,GD,1.3884,1.3829,0.4644
CL3,1,CL,GD,1.4074,1.3973,0.5017
CL3,1,CL,GD,1.4006,1.5343,0.5166
CL3,1,CL,GD,1.4721,1.416,0.6292
CL3,2,CL,GD,1.5162,1.6056,0.3976
CL3,2,CL,GD,1.5402,1.5958,0.4286
CL3,2,CL,GD,1.4286,1.5489,0.5862
CL3,2,CL,GD,1.3684,1.5267,0.4442
CL3,2,CL,GD,1.5196,1.6111,0.3305
CL3,2,CL,GD,1.467,1.5283,0.4727
CL3,2,CL,GD,1.4025,1.5571,0.5355
CL3,2,CL,GD,1.523,1.4895,0.4988
CL3,2,CL,GD,1.4853,1.6028,0.4594
CL3,2,CL,GD,1.4845,1.4351,0.4461
CL3,2,CL,GD,1.5852,1.6525,0.3302
CL3,2,CL,GD,1.4034,1.3932,0.5337
CL3,2,CL,GD,1.4208,1.6782,0.499
CL3,2,CL,GD,1.5193,1.5751,0.4996
CL3,2,CL,GD,1.5372,1.5749,0.4099
CL3,3,CL,GD,1.4182,1.44,0.5787
CL3,3,CL,GD,1.3787,1.2532,0.4759
CL3,3,CL,GD,1.4907,1.6115,0.3892
CL3,3,CL,GD,1.4051,1.4194,0.6146
CL3,3,CL,GD,1.535,1.6964,0.4015
CL3,3,CL,GD,1.5168,1.4947,0.3954
CL3,3,CL,GD,1.462,1.4531,0.5177
CL3,3,CL,GD,1.4393,1.5471,0.4757
CL3,3,CL,GD,1.4236,1.4676,0.5733
CL3,3,CL,GD,1.4916,1.5842,0.53
CL3,3,CL,GD,1.4934,1.5068,0.3795
CL3,3,CL,GD,1.4457,1.5284,0.5221
CL3,3,CL,GD,1.4506,1.5654,0.4241
CL3,3,CL,GD,1.4204,1.4815,0.5879
CL3,3,CL,GD,1.4555,1.4109,0.5522
CL3,4,CL,GD,1.5255,1.7136,0.4483
CL3,4,CL,GD,1.4045,1.4489,0.4821
CL3,4,CL,GD,1.4172,1.4749,0.6267
CL3,4,CL,GD,1.4365,1.5587,0.466
CL3,4,CL,GD,1.5578,1.643,0.456
CL3,4,CL,GD,1.4289,1.5259,0.5359
CL3,4,CL,GD,1.5184,1.7012,0.3937
CL3,4,CL,GD,1.4197,1.4857,0.4863
CL3,4,CL,GD,1.4814,1.3987,0.4891
CL3,4,CL,GD,1.4947,1.4779,0.4137
CL3,4,CL,GD,1.3768,1.5237,0.4825
CL3,4,CL,GD,1.4655,1.5312,0.5985
CL3,4,CL,GD,1.4009,1.4195,0.6043
CL3,4,CL,GD,1.4478,1.5236,0.5659
CL3,4,CL,GD,1.4352,1.4583,0.5586
CL5,1,CL,CA1,1.4951,1.5024,0.4664
CL5,1,CL,CA1,1.4655,1.5079,0.5429
CL5,1,CL,CA1,1.4496,1.4167,0.5032
CL5,1,CL,CA1,1.394,1.513,0.5189
CL5,1,CL,CA1,1.4198,1.4622,0.5962
CL5,1,CL,CA1,1.5316,1.5503,0.4737
CL5,1,CL,CA1,1.4868,1.4942,0.4923
CL5,1,CL,CA1,1.5107,1.5783,0.5076
CL5,1,CL,CA1,1.4582,1.581,0.601
CL5,1,CL,CA1,1.4247,1.5297,0.4969
CL5,1,CL,CA1,1.4815,1.5624,0.4906
CL5,1,CL,CA1,1.5361,1.6179,0.567
CL5,1,CL,CA1,1.4545,1.5579,0.5732
CL5,1,CL,CA1,1.4175,1.4537,0.6125
CL5,1,CL,CA1,1.5574,1.5616,0.4373
CL5,2,CL,CA1,1.3657,1.3943,0.5967
CL5,2,CL,CA1,1.5509,1.7058,0.4384
CL5,2,CL,CA1,1.4976,1.5325,0.521
CL5,2,CL,CA1,1.4578,1.525,0.659
CL5,2,CL,CA1,1.4877,1.6366,0.387
CL5,2,CL,CA1,1.4084,1.4732,0.5376
CL5,2,CL,CA1,1.4525,1.3903,0.535
CL5,2,CL,CA1,1.5073,1.5291,0.442
CL5,2,CL,CA1,1.5109,1.4757,0.4176
CL5,2,CL,CA1,1.4443,1.4844,0.4805
CL5,2,CL,CA1,1.4307,1.4779,0.5761
CL5,2,CL,CA1,1.5128,1.6467,0.5035
CL5,2,CL,CA1,1.4026,1.5054,0.5366
CL5,2,CL,CA1,1.4042,1.5984,0.4761
CL5,2,CL,CA1,1.3983,1.4353,0.5478
CL5,3,CL,CA1,1.4944,1.5705,0.5752
CL5,3,CL,CA1,1.5109,1.6694,0.4754
CL5,3,CL,CA1,1.3741,1.4051,0.5251
CL5,3,CL,CA1,1.504,1.5258,0.4076
CL5,3,CL,CA1,1.3008,1.6634,0.5853
CL5,3,CL,CA1,1.4094,1.35,0.5799
CL5,3,CL,CA1,1.3762,1.3085,0.5269
CL5,3,CL,CA1,1.5057,1.4587,0.5043
CL5,3,CL,CA1,1.3498,1.4124,0.4791
CL5,3,CL,CA1,1.3076,1.3943,0.5882
CL5,3,CL,CA1,1.5267,1.85,0.4138
CL5,3,CL,CA1,1.4701,1.5177,0.544
CL5,3,CL,CA1,1.4079,1.472,0.5644
CL5,3,CL,CA1,1.3811,1.458,0.5958
CL5,3,CL,CA1,1.4287,1.4107,0.5029
CL5,4,CL,CA1,1.4339,1.4761,0.6631
CL5,4,CL,CA1,1.4012,1.3701,0.4788
CL5,4,CL,CA1,1.4417,1.4568,0.5517
CL5,4,CL,CA1,1.3673,1.4553,0.5968
CL5,4,CL,CA1,1.4468,1.4053,0.4564
CL5,4,CL,CA1,1.3568,1.52,0.5941
CL5,4,CL,CA1,1.4018,1.4701,0.6006
CL5,4,CL,CA1,1.435,1.4441,0.4122
CL5,4,CL,CA1,1.4861,1.4477,0.5833
CL5,4,CL,CA1,1.4569,1.4558,0.5654
CL5,4,CL,CA1,1.6229,1.6876,0.3715
CL5,4,CL,CA1,1.3771,1.4874,0.6501
CL5,4,CL,CA1,1.36,1.5024,0.5587
CL5,4,CL,CA1,1.4759,1.4814,0.5632
CL5,4,CL,CA1,1.3492,1.3314,0.6537
CL5,1,CL,CA3,1.4394,1.551,0.6255
CL5,1,CL,CA3,1.3802,1.456,0.6086
CL5,1,CL,CA3,1.4844,1.5043,0.5784
CL5,1,CL,CA3,1.4294,1.4927,0.6176
CL5,1,CL,CA3,1.3655,1.4662,0.5778
CL5,1,CL,CA3,1.4773,1.4695,0.6541
CL5,1,CL,CA3,1.5223,1.5907,0.4715
CL5,1,CL,CA3,1.5523,1.65,0.4798
CL5,1,CL,CA3,1.3831,1.4035,0.5557
CL5,1,CL,CA3,1.5345,1.6919,0.398
CL5,1,CL,CA3,1.4794,1.5028,0.6201
CL5,1,CL,CA3,1.4155,1.4814,0.5859
CL5,1,CL,CA3,1.5383,1.6124,0.5414
CL5,1,CL,CA3,1.5064,1.6108,0.4367
CL5,1,CL,CA3,1.4708,1.5916,0.4054
CL5,2,CL,CA3,1.3469,1.4226,0.53
CL5,2,CL,CA3,1.278,1.3082,0.627
CL5,2,CL,CA3,1.4538,1.4873,0.6004
CL5,2,CL,CA3,1.5654,1.6148,0.3247
CL5,2,CL,CA3,1.5076,1.6303,0.3665
CL5,2,CL,CA3,1.3099,1.4405,0.6368
CL5,2,CL,CA3,1.4769,1.5061,0.4557
CL5,2,CL,CA3,1.4651,1.5187,0.5613
CL5,2,CL,CA3,1.4646,1.5785,0.4181
CL5,2,CL,CA3,1.4012,1.5163,0.5192
CL5,2,CL,CA3,1.4552,1.5249,0.469
CL5,2,CL,CA3,1.4154,1.4398,0.4923
CL5,2,CL,CA3,1.4732,1.5967,0.4186
CL5,2,CL,CA3,1.5017,1.5516,0.3593
CL5,2,CL,CA3,1.4412,1.3603,0.5387
CL5,3,CL,CA3,1.4235,1.4954,0.5475
CL5,3,CL,CA3,1.4025,1.4192,0.5392
CL5,3,CL,CA3,1.4547,1.4664,0.4797
CL5,3,CL,CA3,1.4653,1.4057,0.4695
CL5,3,CL,CA3,1.5072,1.5958,0.6103
CL5,3,CL,CA3,1.4384,1.5625,0.5686
CL5,3,CL,CA3,1.4326,1.4308,0.5465
CL5,3,CL,CA3,1.473,1.667,0.4724
CL5,3,CL,CA3,1.448,1.5983,0.4498
CL5,3,CL,CA3,1.4671,1.4246,0.4806
CL5,3,CL,CA3,1.5285,1.6128,0.4377
CL5,3,CL,CA3,1.2808,1.3074,0.521
CL5,3,CL,CA3,1.5145,1.5649,0.5358
CL5,3,CL,CA3,1.5146,1.4657,0.4273
CL5,3,CL,CA3,1.5385,1.4432,0.382
CL5,4,CL,CA3,1.4938,2.4234,0.3423
CL5,4,CL,CA3,1.3909,1.3782,0.5973
CL5,4,CL,CA3,1.3706,1.4037,0.5693
CL5,4,CL,CA3,1.5994,1.7079,0.3694
CL5,4,CL,CA3,1.443,1.5323,0.6489
CL5,4,CL,CA3,1.5594,1.5544,0.4658
CL5,4,CL,CA3,1.4984,1.5363,0.6163
CL5,4,CL,CA3,1.2946,1.3945,0.5757
CL5,4,CL,CA3,1.523,1.693,0.4528
CL5,4,CL,CA3,1.4675,1.3476,0.4587
CL5,4,CL,CA3,1.3955,1.4285,0.4876
CL5,4,CL,CA3,1.4784,1.5323,0.4786
CL5,4,CL,CA3,1.4326,1.4719,0.5154
CL5,4,CL,CA3,1.4339,1.518,0.525
CL5,4,CL,CA3,1.3652,1.5017,0.5286
CL5,1,CL,GD,1.4434,1.4911,0.5447
CL5,1,CL,GD,1.4299,1.4905,0.6222
CL5,1,CL,GD,1.5287,1.5489,0.4829
CL5,1,CL,GD,1.5252,1.623,0.3878
CL5,1,CL,GD,1.5373,1.6714,0.3514
CL5,1,CL,GD,1.5106,1.5532,0.4296
CL5,1,CL,GD,1.4741,1.5955,0.5108
CL5,1,CL,GD,1.5069,1.7839,0.3965
CL5,1,CL,GD,1.4576,1.4386,0.5531
CL5,1,CL,GD,1.5272,1.5794,0.5156
CL5,1,CL,GD,1.5302,1.6607,0.3599
CL5,1,CL,GD,1.5147,1.6282,0.3893
CL5,1,CL,GD,1.6003,1.5916,0.3813
CL5,1,CL,GD,1.4898,1.5973,0.4469
CL5,1,CL,GD,1.5936,1.6965,0.3733
CL5,2,CL,GD,1.3218,1.4579,0.5291
CL5,2,CL,GD,1.4706,1.5174,0.575
CL5,2,CL,GD,1.4946,1.5412,0.5039
CL5,2,CL,GD,1.5124,1.5214,0.4081
CL5,2,CL,GD,1.5756,1.5469,0.3821
CL5,2,CL,GD,1.4864,1.4948,0.5206
CL5,2,CL,GD,1.4584,1.6374,0.5233
CL5,2,CL,GD,1.5782,1.6595,0.4636
CL5,2,CL,GD,1.5378,1.5692,0.4454
CL5,2,CL,GD,1.569,1.5632,0.3802
CL5,2,CL,GD,1.4206,1.3269,0.4681
CL5,2,CL,GD,1.4825,1.7855,0.3562
CL5,2,CL,GD,1.5123,1.6501,0.4194
CL5,2,CL,GD,1.4605,1.3763,0.5027
CL5,2,CL,GD,1.5859,1.5077,0.2974
CL5,3,CL,GD,1.5438,1.5626,0.3712
CL5,3,CL,GD,1.4026,1.4159,0.5466
CL5,3,CL,GD,1.4617,1.5086,0.5115
CL5,3,CL,GD,1.5087,1.5303,0.4152
CL5,3,CL,GD,1.475,1.4416,0.4174
CL5,3,CL,GD,1.5292,1.6003,0.407
CL5,3,CL,GD,1.5472,1.5404,0.3387
CL5,3,CL,GD,1.5894,1.5106,0.3167
CL5,3,CL,GD,1.5626,1.4834,0.357
CL5,3,CL,GD,1.3518,1.3089,0.7415
CL5,3,CL,GD,1.4475,1.5182,0.5794
CL5,3,CL,GD,1.5456,1.6616,0.5325
CL5,3,CL,GD,1.5522,1.6656,0.5031
CL5,3,CL,GD,1.4384,1.4146,0.6994
CL5,3,CL,GD,1.4914,1.5608,0.5292
CL5,4,CL,GD,1.4038,1.4078,0.5607
CL5,4,CL,GD,1.4286,1.4436,0.5344
CL5,4,CL,GD,1.5434,1.5726,0.4544
CL5,4,CL,GD,1.4385,1.4213,0.6499
CL5,4,CL,GD,1.5113,1.496,0.4011
CL5,4,CL,GD,1.5171,1.5871,0.402
CL5,4,CL,GD,1.4814,1.6184,0.4423
CL5,4,CL,GD,1.4909,1.4691,0.4041
CL5,4,CL,GD,1.5249,1.4527,0.4693
CL5,4,CL,GD,1.3359,1.1086,0.5902
CL5,4,CL,GD,1.506,1.5176,0.4253
CL5,4,CL,GD,1.5065,1.5965,0.4294
CL5,4,CL,GD,1.5934,1.8304,0.3095
CL5,4,CL,GD,1.5547,1.5106,0.3694
CL5,4,CL,GD,1.4537,1.3225,0.525
AS1,1,AS,CA1,1.4491,1.4921,0.5965
AS1,1,AS,CA1,1.387,1.4377,0.6874
AS1,1,AS,CA1,1.5181,1.6374,0.3816
AS1,1,AS,CA1,1.4506,1.5551,0.5898
AS1,1,AS,CA1,1.4104,1.4246,0.5831
AS1,1,AS,CA1,1.4923,1.4951,0.5377
AS1,1,AS,CA1,1.4867,1.5187,0.4751
AS1,1,AS,CA1,1.5326,1.5269,0.5045
AS1,1,AS,CA1,1.4353,1.4821,0.5431
AS1,1,AS,CA1,1.4815,1.5088,0.5608
AS1,1,AS,CA1,1.4825,1.5283,0.5208
AS1,1,AS,CA1,1.3536,1.3332,0.6082
AS1,1,AS,CA1,1.5275,1.5563,0.4108
AS1,1,AS,CA1,1.5227,1.5614,0.4682
AS1,1,AS,CA1,1.4644,1.506,0.6346
AS1,2,AS,CA1,1.4904,1.628,0.4658
AS1,2,AS,CA1,1.4739,1.5291,0.4783
AS1,2,AS,CA1,1.3387,1.2955,0.4746
AS1,2,AS,CA1,1.425,1.5082,0.5859
AS1,2,AS,CA1,1.5162,1.4927,0.5324
AS1,2,AS,CA1,1.4931,1.2676,0.4451
AS1,2,AS,CA1,1.5191,1.5494,0.5964
AS1,2,AS,CA1,1.4589,1.5297,0.5423
AS1,2,AS,CA1,1.4438,1.5008,0.5225
AS1,2,AS,CA1,1.4752,1.5645,0.5963
AS1,2,AS,CA1,1.4189,1.5358,0.6176
AS1,2,AS,CA1,1.4195,1.37,0.4685
AS1,2,AS,CA1,1.3981,1.5271,0.5376
AS1,2,AS,CA1,1.3221,1.3576,0.6563
AS1,2,AS,CA1,1.4125,1.5136,0.5357
AS1,3,AS,CA1,1.4482,1.5032,0.6193
AS1,3,AS,CA1,1.3512,1.4453,0.6088
AS1,3,AS,CA1,1.3821,1.393,0.446
AS1,3,AS,CA1,1.452,1.5506,0.4288
AS1,3,AS,CA1,1.5097,1.5793,0.4427
AS1,3,AS,CA1,1.4647,1.5417,0.5627
AS1,3,AS,CA1,1.4206,1.5644,0.636
AS1,3,AS,CA1,1.3006,1.3388,0.4926
AS1,3,AS,CA1,1.4901,1.6532,0.436
AS1,3,AS,CA1,1.4463,1.4221,0.5087
AS1,3,AS,CA1,1.4376,1.5074,0.5895
AS1,3,AS,CA1,1.2419,1.2982,0.6163
AS1,3,AS,CA1,1.4533,1.5645,0.5772
AS1,3,AS,CA1,1.481,1.4875,0.4036
AS1,3,AS,CA1,1.3354,1.4211,0.6223
AS1,4,AS,CA1,1.3435,1.2615,0.5274
AS1,4,AS,CA1,1.4177,1.4663,0.5331
AS1,4,AS,CA1,1.4896,1.5473,0.4535
AS1,4,AS,CA1,1.5473,1.6291,0.4866
AS1,4,AS,CA1,1.4587,1.5547,0.4903
AS1,4,AS,CA1,1.4656,1.5807,0.469
AS1,4,AS,CA1,1.4495,1.5372,0.5154
AS1,4,AS,CA1,1.4866,1.5944,0.4867
AS1,4,AS,CA1,1.5454,1.5607,0.4435
AS1,4,AS,CA1,1.436,1.5585,0.4696
AS1,4,AS,CA1,1.4835,1.4718,0.6412
AS1,4,AS,CA1,1.5462,1.6383,0.5387
AS1,4,AS,CA1,1.4877,1.5368,0.5641
AS1,4,AS,CA1,1.3993,1.4526,0.534
AS1,4,AS,CA1,1.4579,1.5799,0.6638
AS1,1,AS,CA3,1.5288,1.5832,0.5088
AS1,1,AS,CA3,1.3946,1.4524,0.563
AS1,1,AS,CA3,1.3789,1.5043,0.6136
AS1,1,AS,CA3,1.464,1.4542,0.585
AS1,1,AS,CA3,1.5169,1.5719,0.4646
AS1,1,AS,CA3,1.4522,1.5586,0.5827
AS1,1,AS,CA3,1.3882,1.4364,0.5384
AS1,1,AS,CA3,1.4856,1.5665,0.4617
AS1,1,AS,CA3,1.4212,1.4705,0.5756
AS1,1,AS,CA3,1.5177,1.3912,0.392
AS1,1,AS,CA3,1.5041,1.5018,0.454
AS1,1,AS,CA3,1.5395,1.5917,0.3772
AS1,1,AS,CA3,1.3866,1.4348,0.5929
AS1,1,AS,CA3,1.468,1.4167,0.4308
AS1,1,AS,CA3,1.4263,1.4636,0.6351
AS1,2,AS,CA3,1.499,1.4408,0.4754
AS1,2,AS,CA3,1.5568,1.6627,0.3637
AS1,2,AS,CA3,1.5082,1.5487,0.4155
AS1,2,AS,CA3,1.4425,1.5471,0.5426
AS1,2,AS,CA3,1.4348,1.5259,0.6538
AS1,2,AS,CA3,1.4005,1.5292,0.5306
AS1,2,AS,CA3,1.3922,1.5286,0.5819
AS1,2,AS,CA3,1.5172,1.5919,0.4858
AS1,2,AS,CA3,1.4006,1.4904,0.6208
AS1,2,AS,CA3,1.3228,1.3071,0.5909
AS1,2,AS,CA3,1.5485,1.4598,0.3441
AS1,2,AS,CA3,1.4784,1.754,0.4052
AS1,2,AS,CA3,1.4261,1.5598,0.5422
AS1,2,AS,CA3,1.4269,1.7262,0.4531
AS1,2,AS,CA3,1.4618,1.614,0.4593
AS1,3,AS,CA3,1.3294,1.3891,0.5395
AS1,3,AS,CA3,1.5136,1.5795,0.4813
AS1,3,AS,CA3,1.5146,1.4055,0.4674
AS1,3,AS,CA3,1.485,1.4364,0.4343
AS1,3,AS,CA3,1.4793,1.6292,0.4124
AS1,3,AS,CA3,1.4665,1.5422,0.5625
AS1,3,AS,CA3,1.3064,1.415,0.5169
AS1,3,AS,CA3,1.3502,1.4701,0.5633
AS1,3,AS,CA3,1.4353,1.3986,0.575
AS1,3,AS,CA3,1.4033,1.4176,0.5129
AS1,3,AS,CA3,1.4548,1.5142,0.4943
AS1,3,AS,CA3,1.4396,1.3747,0.4956
AS1,3,AS,CA3,1.4609,1.5034,0.5704
AS1,3,AS,CA3,1.5001,1.5772,0.4402
AS1,3,AS,CA3,1.4166,1.5099,0.5785
AS1,4,AS,CA3,1.5142,1.6966,0.3984
AS1,4,AS,CA3,1.4448,1.516,0.5195
AS1,4,AS,CA3,1.5495,1.6934,0.4241
AS1,4,AS,CA3,1.4231,1.4806,0.5547
AS1,4,AS,CA3,1.5102,1.6455,0.4351
AS1,4,AS,CA3,1.3993,1.3968,0.5721
AS1,4,AS,CA3,1.49,1.6503,0.4747
AS1,4,AS,CA3,1.3952,1.3847,0.5708
AS1,4,AS,CA3,1.4618,1.4591,0.5139
AS1,4,AS,CA3,1.4786,1.6212,0.4492
AS1,4,AS,CA3,1.4422,1.5681,0.6103
AS1,4,AS,CA3,1.3622,1.3511,0.5585
AS1,4,AS,CA3,1.3839,1.3656,0.5629
AS1,4,AS,CA3,1.444,1.5239,0.5444
AS1,4,AS,CA3,1.367,1.3848,0.424
AS1,1,AS,GD,1.4083,1.4606,0.6103
AS1,1,AS,GD,1.4564,1.5574,0.5941
AS1,1,AS,GD,1.4349,1.4777,0.5069
AS1,1,AS,GD,1.4754,1.4307,0.6017
AS1,1,AS,GD,1.3807,1.4831,0.6336
AS1,1,AS,GD,1.4859,1.5682,0.4645
AS1,1,AS,GD,1.55,1.6337,0.4187
AS1,1,AS,GD,1.5024,1.6328,0.5081
AS1,1,AS,GD,1.4897,1.4731,0.4138
AS1,1,AS,GD,1.5314,1.4734,0.4377
AS1,1,AS,GD,1.3725,1.4671,0.5352
AS1,1,AS,GD,1.4491,1.0589,0.4397
AS1,1,AS,GD,1.4841,1.441,0.5756
AS1,1,AS,GD,1.5275,1.5744,0.4303
AS1,1,AS,GD,1.3905,1.4845,0.5274
AS1,2,AS,GD,1.43,1.5546,0.423
AS1,2,AS,GD,1.4672,1.5376,0.47
AS1,2,AS,GD,1.354,1.4194,0.5631
AS1,2,AS,GD,1.471,1.5345,0.4117
AS1,2,AS,GD,1.5198,1.5817,0.4726
AS1,2,AS,GD,1.3306,1.3888,0.5069
AS1,2,AS,GD,1.462,1.5516,0.4349
AS1,2,AS,GD,1.432,1.5214,0.6244
AS1,2,AS,GD,1.4822,1.4617,0.5194
AS1,2,AS,GD,1.489,1.5073,0.4484
AS1,2,AS,GD,1.525,1.7755,0.4284
AS1,2,AS,GD,1.3418,1.4766,0.5549
AS1,2,AS,GD,1.446,1.4223,0.5266
AS1,2,AS,GD,1.4697,1.3759,0.4028
AS1,2,AS,GD,1.4368,1.5967,0.4556
AS1,3,AS,GD,1.3903,1.4253,0.63
AS1,3,AS,GD,1.5252,1.6161,0.4834
AS1,3,AS,GD,1.4855,1.5716,0.5132
AS1,3,AS,GD,1.4487,1.4105,0.491
AS1,3,AS,GD,1.4945,1.2999,0.397
AS1,3,AS,GD,1.5051,1.4608,0.4295
AS1,3,AS,GD,1.4325,1.5238,0.6136
AS1,3,AS,GD,1.5394,1.6385,0.4792
AS1,3,AS,GD,1.4606,1.475,0.5395
AS1,3,AS,GD,1.4448,1.4835,0.5289
AS1,3,AS,GD,1.4985,1.5713,0.5777
AS1,3,AS,GD,1.3327,1.462,0.7422
AS1,3,AS,GD,1.4524,1.6394,0.396
AS1,3,AS,GD,1.5212,1.6626,0.4809
AS1,3,AS,GD,1.5227,1.6938,0.3913
AS1,4,AS,GD,1.4453,1.5451,0.5787
AS1,4,AS,GD,1.4334,1.4497,0.524
AS1,4,AS,GD,1.4105,1.541,0.6072
AS1,4,AS,GD,1.4452,1.4447,0.5982
AS1,4,AS,GD,1.4374,1.5728,0.4855
AS1,4,AS,GD,1.4111,1.4013,0.6459
AS1,4,AS,GD,1.4656,1.3965,0.397
AS1,4,AS,GD,1.501,1.5786,0.5738
AS1,4,AS,GD,1.4889,1.6629,0.4941
AS1,4,AS,GD,1.3804,1.473,0.5888
AS1,4,AS,GD,1.4703,1.4655,0.5226
AS1,4,AS,GD,1.5401,1.5727,0.4323
AS1,4,AS,GD,1.4041,1.4068,0.454
AS1,4,AS,GD,1.4722,1.6358,0.4009
AS1,4,AS,GD,1.4232,1.4377,0.6485
AS3,1,AS,CA1,1.5655,1.6963,0.4562
AS3,1,AS,CA1,1.4555,1.5867,0.5722
AS3,1,AS,CA1,1.5088,1.5644,0.4379
AS3,1,AS,CA1,1.5325,1.5838,0.4226
AS3,1,AS,CA1,1.5333,1.5601,0.3508
AS3,1,AS,CA1,1.4443,1.505,0.5724
AS3,1,AS,CA1,1.4738,1.574,0.5061
AS3,1,AS,CA1,1.4231,1.3165,0.4733
AS3,1,AS,CA1,1.5516,1.4997,0.456
AS3,1,AS,CA1,1.4901,1.513,0.4764
AS3,1,AS,CA1,1.4821,1.4896,0.4839
AS3,1,AS,CA1,1.4716,1.6502,0.4974
AS3,1,AS,CA1,1.5095,1.5933,0.5655
AS3,1,AS,CA1,1.3964,1.4269,0.5179
AS3,1,AS,CA1,1.4408,1.6166,0.5776
AS3,2,AS,CA1,1.4815,1.4865,0.5686
AS3,2,AS,CA1,1.358,1.409,0.7152
AS3,2,AS,CA1,1.507,1.5253,0.358
AS3,2,AS,CA1,1.4337,1.659,0.4888
AS3,2,AS,CA1,1.4477,1.5028,0.6089
AS3,2,AS,CA1,1.4618,1.5113,0.5552
AS3,2,AS,CA1,1.3991,1.4451,0.5534
AS3,2,AS,CA1,1.4954,1.6331,0.5975
AS3,2,AS,CA1,1.4839,1.5903,0.554
AS3,2,AS,CA1,1.4789,1.5725,0.4823
AS3,2,AS,CA1,1.4387,1.6331,0.5583
AS3,2,AS,CA1,1.4145,1.4124,0.528
AS3,2,AS,CA1,1.5253,1.6266,0.4898
AS3,2,AS,CA1,1.3886,1.4271,0.6194
AS3,2,AS,CA1,1.4555,1.4942,0.6076
AS3,3,AS,CA1,1.5372,1.6184,0.3714
AS3,3,AS,CA1,1.5072,1.5875,0.4297
AS3,3,AS,CA1,1.4578,1.5378,0.4671
AS3,3,AS,CA1,1.5231,1.5825,0.4092
AS3,3,AS,CA1,1.422,1.4091,0.4697
AS3,3,AS,CA1,1.4471,1.4309,0.5063
AS3,3,AS,CA1,1.5158,1.5909,0.4851
AS3,3,AS,CA1,1.3866,1.4975,0.6518
AS3,3,AS,CA1,1.5394,1.4578,0.4362
AS3,3,AS,CA1,1.4473,1.5825,0.469
AS3,3,AS,CA1,1.4394,1.4921,0.5955
AS3,3,AS,CA1,1.3168,1.3116,0.5588
AS3,3,AS,CA1,1.3526,1.4042,0.5381
AS3,3,AS,CA1,1.5352,1.5303,0.5363
AS3,3,AS,CA1,1.4737,1.53,0.6268
AS3,4,AS,CA1,1.5682,1.5821,0.3737
AS3,4,AS,CA1,1.3749,1.3975,0.5587
AS3,4,AS,CA1,1.4698,1.6569,0.4948
AS3,4,AS,CA1,1.4139,1.4631,0.686
AS3,4,AS,CA1,1.4995,1.47,0.5001
AS3,4,AS,CA1,1.437,1.4376,0.5672
AS3,4,AS,CA1,1.4324,1.5143,0.6243
AS3,4,AS,CA1,1.496,1.5475,0.5514
AS3,4,AS,CA1,1.3633,1.5006,0.6018
AS3,4,AS,CA1,1.5585,1.6102,0.5316
AS3,4,AS,CA1,1.503,2.0599,0.3902
AS3,4,AS,CA1,1.3944,1.3622,0.5797
AS3,4,AS,CA1,1.4471,1.3956,0.5675
AS3,4,AS,CA1,1.483,1.6271,0.456
AS3,4,AS,CA1,1.4674,1.6179,0.4143
AS3,1,AS,CA3,1.523,1.6297,0.4225
AS3,1,AS,CA3,1.5312,1.5546,0.4213
AS3,1,AS,CA3,1.3416,1.3863,0.4972
AS3,1,AS,CA3,1.4284,1.4191,0.6171
AS3,1,AS,CA3,1.4736,1.6012,0.4151
AS3,1,AS,CA3,1.5014,1.6618,0.528
AS3,1,AS,CA3,1.3862,1.533,0.5341
AS3,1,AS,CA3,1.4334,1.4231,0.5343
AS3,1,AS,CA3,1.4951,1.5914,0.6313
AS3,1,AS,CA3,1.4731,1.5969,0.6343
AS3,1,AS,CA3,1.4964,1.649,0.5107
AS3,1,AS,CA3,1.453,1.4206,0.476
AS3,1,AS,CA3,1.5427,1.6251,0.3161
AS3,1,AS,CA3,1.4007,1.486,0.6344
AS3,1,AS,CA3,1.3735,1.414,0.6923
AS3,2,AS,CA3,1.4136,1.4973,0.6014
AS3,2,AS,CA3,1.4975,1.6333,0.3943
AS3,2,AS,CA3,1.3906,1.4108,0.6243
AS3,2,AS,CA3,1.5204,1.6052,0.4728
AS3,2,AS,CA3,1.457,1.4091,0.4722
AS3,2,AS,CA3,1.4824,1.6165,0.5134
AS3,2,AS,CA3,1.3084,1.395,0.5902
AS3,2,AS,CA3,1.4818,1.4991,0.5384
AS3,2,AS,CA3,1.5415,1.704,0.3955
AS3,2,AS,CA3,1.5723,1.7587,0.3269
AS3,2,AS,CA3,1.5181,1.652,0.4733
AS3,2,AS,CA3,1.3033,1.2718,0.5109
AS3,2,AS,CA3,1.5221,1.5648,0.4109
AS3,2,AS,CA3,1.3604,1.4096,0.58
AS3,2,AS,CA3,1.3308,1.4053,0.5651
AS3,3,AS,CA3,1.4751,1.4077,0.5162
AS3,3,AS,CA3,1.4197,1.4739,0.4549
AS3,3,AS,CA3,1.4587,1.4492,0.661
AS3,3,AS,CA3,1.4946,1.5756,0.5065
AS3,3,AS,CA3,1.4764,1.4872,0.5179
AS3,3,AS,CA3,1.3297,1.4559,0.524
AS3,3,AS,CA3,1.5339,1.6373,0.4549
AS3,3,AS,CA3,1.57,1.6283,0.3085
AS3,3,AS,CA3,1.4337,1.3885,0.5658
AS3,3,AS,CA3,1.3575,1.295,0.7117
AS3,3,AS,CA3,1.4579,1.5525,0.4774
AS3,3,AS,CA3,1.383,1.4347,0.5955
AS3,3,AS,CA3,1.3054,1.3605,0.6327
AS3,3,AS,CA3,1.5454,1.6065,0.397
AS3,3,AS,CA3,1.3732,1.3848,0.6523
AS3,4,AS,CA3,1.5272,1.6593,0.4163
AS3,4,AS,CA3,1.5037,1.4143,0.4351
AS3,4,AS,CA3,1.4807,1.5306,0.5933
AS3,4,AS,CA3,1.5102,1.5998000000000001,0.5388
AS3,4,AS,CA3,1.4191,1.4325,0.5447
AS3,4,AS,CA3,1.4976,1.5402,0.506
AS3,4,AS,CA3,1.384,1.5043,0.4947
AS3,4,AS,CA3,1.5131,1.5685,0.4712
AS3,4,AS,CA3,1.5212,1.4786,0.3681
AS3,4,AS,CA3,1.5848,1.7332,0.3572
AS3,4,AS,CA3,1.4594,1.5387,0.504
AS3,4,AS,CA3,1.3688,1.3758,0.6629
AS3,4,AS,CA3,1.4091,1.527,0.6568
AS3,4,AS,CA3,1.5479,1.6508,0.5008
AS3,4,AS,CA3,1.5135,1.5258,0.375
AS3,1,AS,GD,1.1884,1.2032,0.6031
AS3,1,AS,GD,1.3897,1.4273,0.5666
AS3,1,AS,GD,1.2908,1.2376,0.651
AS3,1,AS,GD,1.4839,1.5599,0.5547
AS3,1,AS,GD,1.5689,1.5874,0.4581
AS3,1,AS,GD,1.429,1.5534,0.465
AS3,1,AS,GD,1.5561,1.5145,0.3671
AS3,1,AS,GD,1.4391,1.3961,0.5695
AS3,1,AS,GD,1.4303,1.2969,0.5163
AS3,1,AS,GD,1.4856,1.5958,0.4329
AS3,1,AS,GD,1.4656,1.5438,0.3961
AS3,1,AS,GD,1.5035,1.5079,0.3881
AS3,1,AS,GD,1.5279,1.6491,0.3354
AS3,1,AS,GD,1.5272,1.6115,0.3519
AS3,1,AS,GD,1.3176,1.3134,0.4121
AS3,2,AS,GD,1.5024,1.5,0.575
AS3,2,AS,GD,1.3645,1.3593,0.7521
AS3,2,AS,GD,1.4676,1.3433,0.4367
AS3,2,AS,GD,1.5136,1.694,0.516
AS3,2,AS,GD,1.3518,1.4604,0.6685
AS3,2,AS,GD,1.4913,1.5563,0.5269
AS3,2,AS,GD,1.4689,1.486,0.503
AS3,2,AS,GD,1.407,1.4577,0.5839
AS3,2,AS,GD,1.5062,1.69,0.3627
AS3,2,AS,GD,1.4086,1.246,0.5287
AS3,2,AS,GD,1.434,1.4504,0.5426
AS3,2,AS,GD,1.4087,1.3999,0.5862
AS3,2,AS,GD,1.5419,1.6774,0.3814
AS3,2,AS,GD,1.5464,1.6885,0.3937
AS3,2,AS,GD,1.4728,1.5668,0.5761
AS3,3,AS,GD,1.5178,1.5882,0.5278
AS3,3,AS,GD,1.3717,1.485,0.5392
AS3,3,AS,GD,1.469,1.5557,0.5343
AS3,3,AS,GD,1.3937,1.4458,0.6439
AS3,3,AS,GD,1.4434,1.4437,0.636
AS3,3,AS,GD,1.4559,1.3978,0.3888
AS3,3,AS,GD,1.4053,1.4506,0.4119
AS3,3,AS,GD,1.515,1.5095,0.4444
AS3,3,AS,GD,1.5016,1.4911,0.4471
AS3,3,AS,GD,1.4586,1.5082,0.57
AS3,3,AS,GD,1.4428,1.6384,0.5134
AS3,3,AS,GD,1.4923,1.4911,0.4316
AS3,3,AS,GD,1.5431,1.4516,0.3544
AS3,3,AS,GD,1.4079,1.4525,0.6244
AS3,3,AS,GD,1.449,1.4026,0.4918
AS3,4,AS,GD,1.5367,1.6311,0.3741
AS3,4,AS,GD,1.4754,1.4493,0.5851
AS3,4,AS,GD,1.4781,1.5099,0.4058
AS3,4,AS,GD,1.4796,1.4568,0.4793
AS3,4,AS,GD,1.5149,1.5785,0.5392
AS3,4,AS,GD,1.4109,1.423,0.6166
AS3,4,AS,GD,1.4694,1.5842,0.5153
AS3,4,AS,GD,1.511,1.4521,0.5265
AS3,4,AS,GD,1.5247,1.5217,0.5484
AS3,4,AS,GD,1.31,1.3974,0.6869
AS3,4,AS,GD,1.5621,1.6932,0.4196
AS3,4,AS,GD,1.5225,1.6103,0.4192
AS3,4,AS,GD,1.3948,1.3454,0.4523
AS3,4,AS,GD,1.5521,1.4982,0.3846
AS3,4,AS,GD,1.4117,1.3414,0.4705
AS4,1,AS,CA1,1.4507,1.4842,0.5432
AS4,1,AS,CA1,1.3875,1.44,0.5338
AS4,1,AS,CA1,1.5404,1.4612,0.4157
AS4,1,AS,CA1,1.6042,1.4844,0.3212
AS4,1,AS,CA1,1.581,1.5276,0.3026
AS4,1,AS,CA1,1.6057,1.7622,0.2921
AS4,1,AS,CA1,1.3463,1.5182,0.5612
AS4,1,AS,CA1,1.3867,1.4341,0.5186
AS4,1,AS,CA1,1.5204,1.5981,0.4298
AS4,1,AS,CA1,1.3909,1.4453,0.5718
AS4,1,AS,CA1,1.415,1.4808,0.5338
AS4,1,AS,CA1,1.4753,1.564,0.5695
AS4,1,AS,CA1,1.432,1.5142,0.6012
AS4,1,AS,CA1,1.486,1.4786,0.4837
AS4,1,AS,CA1,1.3527,1.407,0.5
AS4,2,AS,CA1,1.489,1.5015,0.4556
AS4,2,AS,CA1,1.5372,1.5706,0.3737
AS4,2,AS,CA1,1.4275,1.4538,0.4168
AS4,2,AS,CA1,1.4129,1.5661,0.4825
AS4,2,AS,CA1,1.4895,1.4141,0.3517
AS4,2,AS,CA1,1.4348,1.4811,0.4431
AS4,2,AS,CA1,1.4359,1.2817,0.4274
AS4,2,AS,CA1,1.436,1.488,0.5738
AS4,2,AS,CA1,1.387,1.4971,0.5582
AS4,2,AS,CA1,1.4293,1.2088,0.4616
AS4,2,AS,CA1,1.4158,1.4377,0.4712
AS4,2,AS,CA1,1.3846,1.5096,0.6139
AS4,2,AS,CA1,1.4044,1.5599,0.5563
AS4,2,AS,CA1,1.4578,1.5515,0.4762
AS4,2,AS,CA1,1.4033,1.5059,0.6173
AS4,3,AS,CA1,1.399,1.4351,0.6492
AS4,3,AS,CA1,1.5441,1.8908,0.4022
AS4,3,AS,CA1,1.4078,1.5362,0.5079
AS4,3,AS,CA1,1.5233,1.6111,0.3685
AS4,3,AS,CA1,1.4928,1.6527,0.3818
AS4,3,AS,CA1,1.4317,1.3608,0.5847
AS4,3,AS,CA1,1.5577,1.5318,0.3544
AS4,3,AS,CA1,1.5214,1.5529,0.4046
AS4,3,AS,CA1,1.4019,1.439,0.585
AS4,3,AS,CA1,1.4287,1.4416,0.4206
AS4,3,AS,CA1,1.4895,1.5381,0.4387
AS4,3,AS,CA1,1.517,1.5777,0.3527
AS4,3,AS,CA1,1.4594,1.445,0.4478
AS4,3,AS,CA1,1.5516,1.651,0.3976
AS4,3,AS,CA1,1.1661,1.2354,0.6281
AS4,4,AS,CA1,1.5652,1.5195,0.4066
AS4,4,AS,CA1,1.48,1.5454,0.4542
AS4,4,AS,CA1,1.4493,1.521,0.4426
AS4,4,AS,CA1,1.3614,1.3271,0.5541
AS4,4,AS,CA1,1.4775,1.5833,0.5107
AS4,4,AS,CA1,1.3937,1.4686,0.5063
AS4,4,AS,CA1,1.4533,1.4956,0.5494
AS4,4,AS,CA1,1.3923,1.5092,0.5798
AS4,4,AS,CA1,1.3676,1.5424,0.4645
AS4,4,AS,CA1,1.4209,1.4618,0.5216
AS4,4,AS,CA1,1.3787,1.3707,0.6518
AS4,4,AS,CA1,1.342,1.3445,0.4814
AS4,4,AS,CA1,1.3683,1.4877,0.5947
AS4,4,AS,CA1,1.3833,1.3125,0.6561
AS4,4,AS,CA1,1.4351,1.5076,0.497
AS4,1,AS,CA3,1.5298,1.9085,0.4218
AS4,1,AS,CA3,1.5191,1.5119,0.4801
AS4,1,AS,CA3,1.4824,1.6346,0.4666
AS4,1,AS,CA3,1.4161,1.4215,0.4575
AS4,1,AS,CA3,1.5379,1.3574,0.3475
AS4,1,AS,CA3,1.5169,1.509,0.4521
AS4,1,AS,CA3,1.441,1.4353,0.526
AS4,1,AS,CA3,1.3598,1.4192,0.6662
AS4,1,AS,CA3,1.3681,1.1144,0.3755
AS4,1,AS,CA3,1.3748,1.3668,0.512
AS4,1,AS,CA3,1.2555,1.4229,0.5344
AS4,1,AS,CA3,1.4218,1.3831,0.497
AS4,1,AS,CA3,1.4661,1.5869,0.4822
AS4,1,AS,CA3,1.3858,1.4087,0.5055
AS4,1,AS,CA3,1.4218,1.2834,0.5514
AS4,2,AS,CA3,1.4196,1.4442,0.5951
AS4,2,AS,CA3,1.3851,1.4371,0.6325
AS4,2,AS,CA3,1.5666,1.6648,0.4677
AS4,2,AS,CA3,1.5273,1.5068,0.354
AS4,2,AS,CA3,1.5869,1.7055,0.3942
AS4,2,AS,CA3,1.4214,1.5213,0.6381
AS4,2,AS,CA3,1.4689,1.4739,0.5929
AS4,2,AS,CA3,1.402,1.5167,0.4651
AS4,2,AS,CA3,1.4684,1.3397,0.4386
AS4,2,AS,CA3,1.4119,1.2869,0.5493
AS4,2,AS,CA3,1.4793,1.4808,0.4721
AS4,2,AS,CA3,1.3842,1.4591,0.6652
AS4,2,AS,CA3,1.4629,1.619,0.4374
AS4,2,AS,CA3,1.423,1.5175,0.6116
AS4,2,AS,CA3,1.3959,1.4132,0.5144
AS4,3,AS,CA3,1.3133,1.4027,0.5852
AS4,3,AS,CA3,1.4456,1.52,0.4462
AS4,3,AS,CA3,1.4228,1.4097,0.5039
AS4,3,AS,CA3,1.4025,1.4958,0.521
AS4,3,AS,CA3,1.4701,1.5169,0.3953
AS4,3,AS,CA3,1.2882,1.4043,0.6309
AS4,3,AS,CA3,1.6049,1.6737,0.3623
AS4,3,AS,CA3,1.3366,1.312,0.4909
AS4,3,AS,CA3,1.3492,1.4244,0.6474
AS4,3,AS,CA3,1.4226,1.3685,0.4764
AS4,3,AS,CA3,1.3869,1.5148,0.5468
AS4,3,AS,CA3,1.3101,1.365,0.6668
AS4,3,AS,CA3,1.4093,1.4616,0.4697
AS4,3,AS,CA3,1.473,1.6085,0.4363
AS4,3,AS,CA3,1.5034,1.4828,0.4085
AS4,4,AS,CA3,1.4275,1.5225,0.6017
AS4,4,AS,CA3,1.4694,1.5966,0.4803
AS4,4,AS,CA3,1.4442,1.4746,0.5355
AS4,4,AS,CA3,1.3543,1.3693,0.587
AS4,4,AS,CA3,1.3703,1.3945,0.5999
AS4,4,AS,CA3,1.4537,1.5037,0.5131
AS4,4,AS,CA3,1.46,1.5422,0.4689
AS4,4,AS,CA3,1.4552,1.47,0.4732
AS4,4,AS,CA3,1.4277,1.4827,0.6662
AS4,4,AS,CA3,1.4248,1.4695,0.4807
AS4,4,AS,CA3,1.5256,1.5847,0.5392
AS4,4,AS,CA3,1.489,1.5703,0.4536
AS4,4,AS,CA3,1.5437,1.5113,0.3592
AS4,4,AS,CA3,1.2985,1.4725,0.5658
AS4,4,AS,CA3,1.3929,1.4225,0.5666
AS4,1,AS,GD,1.4098,1.4356,0.565
AS4,1,AS,GD,1.4658,1.6407,0.4687
AS4,1,AS,GD,1.4696,1.2073,0.3961
AS4,1,AS,GD,1.4067,1.3694,0.5584
AS4,1,AS,GD,1.4666,1.4928,0.4134
AS4,1,AS,GD,1.4714,1.4613,0.523
AS4,1,AS,GD,1.4526,1.5828,0.4343
AS4,1,AS,GD,1.5302,1.4656,0.4462
AS4,1,AS,GD,1.4154,1.4916,0.4879
AS4,1,AS,GD,1.4746,1.4652,0.5265
AS4,1,AS,GD,1.5164,1.618,0.4279
AS4,1,AS,GD,1.5063,1.5102,0.4346
AS4,1,AS,GD,1.4849,1.496,0.4436
AS4,1,AS,GD,1.4033,1.5837,0.5219
AS4,1,AS,GD,1.3538,1.45,0.5412
AS4,2,AS,GD,1.4671,1.4573,0.6197
AS4,2,AS,GD,1.4486,1.5447,0.5158
AS4,2,AS,GD,1.5412,1.5774,0.3642
AS4,2,AS,GD,1.4859,1.502,0.4143
AS4,2,AS,GD,1.4861,1.6388,0.4582
AS4,2,AS,GD,1.4306,1.5736,0.4442
AS4,2,AS,GD,1.5129,1.6173,0.3668
AS4,2,AS,GD,1.5168,1.6802,0.4142
AS4,2,AS,GD,1.4601,1.4011,0.5344
AS4,2,AS,GD,1.4599,1.4129,0.5992
AS4,2,AS,GD,1.4363,1.4489,0.4769
AS4,2,AS,GD,1.4476,1.5293,0.4108
AS4,2,AS,GD,1.5326,1.4178,0.3659
AS4,2,AS,GD,1.5348,1.4193,0.4113
AS4,2,AS,GD,1.4278,1.6046,0.4495
AS4,3,AS,GD,1.4851,1.4876,0.4299
AS4,3,AS,GD,1.4581,1.5232,0.5442
AS4,3,AS,GD,1.5833,1.7237,0.4116
AS4,3,AS,GD,1.5914,1.7633,0.3553
AS4,3,AS,GD,1.5402,1.5599,0.3895
AS4,3,AS,GD,1.3777,1.3663,0.5164
AS4,3,AS,GD,1.4596,1.5441,0.5406
AS4,3,AS,GD,1.4533,1.4347,0.5038
AS4,3,AS,GD,1.4591,1.5535,0.5116
AS4,3,AS,GD,1.503,1.4722,0.4507
AS4,3,AS,GD,1.4029,1.3703,0.6911
AS4,3,AS,GD,1.2951,1.2717,0.6001
AS4,3,AS,GD,1.4151,1.3076,0.4196
AS4,3,AS,GD,1.5234,1.6798,0.4169
AS4,3,AS,GD,1.5212,1.5152,0.535
AS4,4,AS,GD,1.4852,1.5951,0.5131
AS4,4,AS,GD,1.4649,1.5456,0.6507
AS4,4,AS,GD,1.4717,1.5345,0.5466
AS4,4,AS,GD,1.4186,1.3815,0.5229
AS4,4,AS,GD,1.5188,1.6315,0.4726
AS4,4,AS,GD,1.435,1.6173,0.459
AS4,4,AS,GD,1.4436,1.4684,0.5446
AS4,4,AS,GD,1.4661,1.5686,0.4281
AS4,4,AS,GD,1.5317,1.6151,0.3818
AS4,4,AS,GD,1.3892,1.5411,0.4947
AS4,4,AS,GD,1.4661,1.7373,0.4232
AS4,4,AS,GD,0.9445,0,0.4035
AS4,4,AS,GD,1.5209,1.6065,0.4342
AS4,4,AS,GD,1.508,1.5338,0.3705
AS4,4,AS,GD,1.4208,1.5358,0.5277
AS5,1,AS,CA1,1.4181,1.6029,0.5304
AS5,1,AS,CA1,1.4241,1.4749,0.5281
AS5,1,AS,CA1,1.4871,1.5408,0.4088
AS5,1,AS,CA1,1.5526,1.5534,0.36
AS5,1,AS,CA1,1.5392,1.5969,0.4772
AS5,1,AS,CA1,1.5537,1.5863,0.4961
AS5,1,AS,CA1,1.3752,1.4209,0.6063
AS5,1,AS,CA1,1.3315,1.4069,0.6368
AS5,1,AS,CA1,1.3692,1.4503,0.6414
AS5,1,AS,CA1,1.4168,1.4039,0.6011
AS5,1,AS,CA1,1.5105,1.5122,0.4933
AS5,1,AS,CA1,1.4961,1.5489,0.5392
AS5,1,AS,CA1,1.3949,1.4486,0.5445
AS5,1,AS,CA1,1.4912,1.5171,0.4787
AS5,1,AS,CA1,1.3587,1.3679,0.649
AS5,2,AS,CA1,1.5761,1.4812,0.381
AS5,2,AS,CA1,1.5868,1.5512,0.4749
AS5,2,AS,CA1,1.3033,1.3105,0.8412
AS5,2,AS,CA1,1.5168,1.5948,0.5358
AS5,2,AS,CA1,1.4139,1.4849,0.6757
AS5,2,AS,CA1,1.546,1.5753,0.4294
AS5,2,AS,CA1,1.3094,1.3859,0.6372
AS5,2,AS,CA1,1.4673,1.5453,0.5165
AS5,2,AS,CA1,1.4491,1.3863,0.4738
AS5,2,AS,CA1,1.4243,1.5926,0.451
AS5,2,AS,CA1,1.3998,1.3868,0.5153
AS5,2,AS,CA1,1.3968,1.3288,0.5314
AS5,2,AS,CA1,1.3651,1.6557,0.4882
AS5,2,AS,CA1,1.4347,1.7834,0.4034
AS5,2,AS,CA1,1.4378,1.5134,0.5883
AS5,3,AS,CA1,1.5103,1.5945,0.4508
AS5,3,AS,CA1,1.4952,1.5446,0.4552
AS5,3,AS,CA1,1.4937,1.5792,0.3954
AS5,3,AS,CA1,1.5073,1.7925,0.3371
AS5,3,AS,CA1,1.5281,1.5528,0.5369
AS5,3,AS,CA1,1.4131,1.4446,0.4941
AS5,3,AS,CA1,1.5025,1.7186,0.4636
AS5,3,AS,CA1,1.5978,1.7098,0.3169
AS5,3,AS,CA1,1.5198,1.5997,0.4339
AS5,3,AS,CA1,1.4489,1.5879,0.4865
AS5,3,AS,CA1,1.522,1.6374,0.4386
AS5,3,AS,CA1,1.3014,1.3303,0.6023
AS5,3,AS,CA1,1.5666,1.7023,0.382
AS5,3,AS,CA1,1.4243,1.5787,0.5035
AS5,3,AS,CA1,1.4194,1.5071,0.6579
AS5,4,AS,CA1,1.3326,1.389,0.6534
AS5,4,AS,CA1,1.4327,1.4924,0.5725
AS5,4,AS,CA1,1.4006,1.3526,0.519
AS5,4,AS,CA1,1.5104,1.5107,0.4278
AS5,4,AS,CA1,1.4332,1.3619,0.5215
AS5,4,AS,CA1,1.5046,1.6458,0.4415
AS5,4,AS,CA1,1.4836,1.6111,0.5512
AS5,4,AS,CA1,1.5201,1.7182,0.4467
AS5,4,AS,CA1,1.3401,1.438,0.577
AS5,4,AS,CA1,1.4572,1.2973,0.5366
AS5,4,AS,CA1,1.4757,1.5089,0.4947
AS5,4,AS,CA1,1.5389,1.7072,0.438
AS5,4,AS,CA1,1.4145,1.4987,0.455
AS5,4,AS,CA1,1.4766,1.5539,0.4373
AS5,4,AS,CA1,1.3446,1.3464,0.6872
AS5,1,AS,CA3,1.4847,1.6359,0.5512
AS5,1,AS,CA3,1.4902,1.5094,0.4833
AS5,1,AS,CA3,1.4786,1.5566,0.4899
AS5,1,AS,CA3,1.3571,1.0322,0.4915
AS5,1,AS,CA3,1.4204,1.3787,0.5876
AS5,1,AS,CA3,1.4546,1.638,0.4343
AS5,1,AS,CA3,1.533,1.6084,0.43
AS5,1,AS,CA3,1.4376,1.451,0.633
AS5,1,AS,CA3,1.4178,1.5971,0.5588
AS5,1,AS,CA3,1.4822,1.4406,0.5665
AS5,1,AS,CA3,1.4246,1.4376,0.6879
AS5,1,AS,CA3,1.4285,1.4128,0.5616
AS5,1,AS,CA3,1.471,1.4202,0.4649
AS5,1,AS,CA3,1.4514,1.5854,0.4946
AS5,1,AS,CA3,1.3793,1.375,0.6222
AS5,2,AS,CA3,1.4021,1.4957,0.5459
AS5,2,AS,CA3,1.4222,1.5208,0.4709
AS5,2,AS,CA3,1.4625,1.4928,0.5397
AS5,2,AS,CA3,1.3909,1.4029,0.5348
AS5,2,AS,CA3,1.4167,1.4294,0.5739
AS5,2,AS,CA3,1.2955,1.3473,0.4592
AS5,2,AS,CA3,1.3839,1.4837,0.4903
AS5,2,AS,CA3,1.5019,1.3759,0.4339
AS5,2,AS,CA3,1.4526,1.3963,0.5365
AS5,2,AS,CA3,1.4349,1.5018,0.6065
AS5,2,AS,CA3,1.4735,1.5133,0.5128
AS5,2,AS,CA3,1.4763,1.5099,0.4977
AS5,2,AS,CA3,1.3543,1.333,0.5999
AS5,2,AS,CA3,1.4168,1.3659,0.5014
AS5,2,AS,CA3,1.4581,1.5519,0.6023
AS5,3,AS,CA3,1.4667,1.5207,0.4979
AS5,3,AS,CA3,1.4655,1.4855,0.6012
AS5,3,AS,CA3,1.5531,1.6254,0.4027
AS5,3,AS,CA3,1.4287,1.4022,0.5251
AS5,3,AS,CA3,1.5602,1.6145,0.4713
AS5,3,AS,CA3,1.4647,1.6333,0.4884
AS5,3,AS,CA3,1.4214,1.5674,0.4718
AS5,3,AS,CA3,1.6307,1.6518,0.3214
AS5,3,AS,CA3,1.517,1.5869,0.5062
AS5,3,AS,CA3,1.5085,1.614,0.4176
AS5,3,AS,CA3,1.4398,1.5047,0.4894
AS5,3,AS,CA3,1.5734,1.6391,0.3675
AS5,3,AS,CA3,1.4922,1.6237,0.4892
AS5,3,AS,CA3,1.5065,1.5421,0.4384
AS5,3,AS,CA3,1.525,1.5964,0.4174
AS5,4,AS,CA3,1.4265,1.5025,0.634
AS5,4,AS,CA3,1.3015,1.4955,0.5216
AS5,4,AS,CA3,1.5023,1.5599,0.4349
AS5,4,AS,CA3,1.4606,1.6,0.4422
AS5,4,AS,CA3,1.5316,1.4473,0.3741
AS5,4,AS,CA3,1.5231,1.5178,0.3542
AS5,4,AS,CA3,1.5904,1.6582,0.4387
AS5,4,AS,CA3,1.4456,1.6244,0.4391
AS5,4,AS,CA3,1.2919,1.289,0.5218
AS5,4,AS,CA3,1.4536,1.611,0.4299
AS5,4,AS,CA3,1.4999,1.5861,0.4612
AS5,4,AS,CA3,1.4706,1.5003,0.5281
AS5,4,AS,CA3,1.365,1.263,0.5164
AS5,4,AS,CA3,1.438,1.5741,0.4339
AS5,4,AS,CA3,1.4099,1.4722,0.5337
AS5,1,AS,GD,1.4713,1.539,0.4732
AS5,1,AS,GD,1.5191,1.5601,0.3598
AS5,1,AS,GD,1.469,1.5599,0.5255
AS5,1,AS,GD,1.4142,1.5419,0.4787
AS5,1,AS,GD,1.4084,1.5095,0.4653
AS5,1,AS,GD,1.3509,1.3601,0.5344
AS5,1,AS,GD,1.4786,1.5411,0.4937
AS5,1,AS,GD,1.4646,1.706,0.4188
AS5,1,AS,GD,1.3994,1.5083,0.5982
AS5,1,AS,GD,1.4159,1.4573,0.5354
AS5,1,AS,GD,1.2886,1.4118,0.5715
AS5,1,AS,GD,1.4095,1.4467,0.6104
AS5,1,AS,GD,1.3964,1.4514,0.516
AS5,1,AS,GD,1.4748,1.5363,0.5506
AS5,1,AS,GD,1.105,1,0.4
AS5,2,AS,GD,1.5142,1.5414,0.5164
AS5,2,AS,GD,1.4487,1.3675,0.5235
AS5,2,AS,GD,1.3556,1.2056,0.4469
AS5,2,AS,GD,1.4559,1.5009,0.5382
AS5,2,AS,GD,1.3322,1.3993,0.5894
AS5,2,AS,GD,1.5284,1.6487,0.5377
AS5,2,AS,GD,1.5049,1.4126,0.5302
AS5,2,AS,GD,1.4966,1.5262,0.5065
AS5,2,AS,GD,1.4797,1.4794,0.443
AS5,2,AS,GD,1.3666,1.403,0.5631
AS5,2,AS,GD,1.4083,1.4382,0.5183
AS5,2,AS,GD,1.5273,1.6264,0.374
AS5,2,AS,GD,1.4933,1.5247,0.4976
AS5,2,AS,GD,1.5495,1.4635,0.4012
AS5,2,AS,GD,1.4051,1.4397,0.5694
AS5,3,AS,GD,1.3875,1.4797,0.5404
AS5,3,AS,GD,1.4614,1.569,0.5429
AS5,3,AS,GD,1.4912,1.5817,0.4109
AS5,3,AS,GD,1.5543,1.5188,0.3821
AS5,3,AS,GD,1.3599,1.3921,0.5849
AS5,3,AS,GD,1.3531,1.3704,0.529
AS5,3,AS,GD,1.5123,1.6375,0.381
AS5,3,AS,GD,1.4424,1.5511,0.6175
AS5,3,AS,GD,1.4113,1.4481,0.5865
AS5,3,AS,GD,1.4122,1.492,0.4827
AS5,3,AS,GD,1.3029,1.3832,0.578
AS5,3,AS,GD,1.4475,1.5269,0.5246
AS5,3,AS,GD,1.4537,1.5685,0.4808
AS5,3,AS,GD,1.3722,1.368,0.5258
AS5,3,AS,GD,1.3067,1.3358,0.4863
AS5,4,AS,GD,1.4401,1.5277,0.5689
AS5,4,AS,GD,1.4593,1.5409,0.492
AS5,4,AS,GD,1.4311,1.5227,0.5278
AS5,4,AS,GD,1.4205,1.4751,0.5286
AS5,4,AS,GD,1.4248,1.4947,0.5578
AS5,4,AS,GD,1.4228,1.5526,0.5118
AS5,4,AS,GD,1.5031,1.4724,0.4044
AS5,4,AS,GD,1.3664,1.3395,0.465
AS5,4,AS,GD,1.5003,1.6341,0.4048
AS5,4,AS,GD,1.5615,1.7109,0.4456
AS5,4,AS,GD,1.4592,1.6027,0.4684
AS5,4,AS,GD,1.4902,1.5513,0.4184
AS5,4,AS,GD,1.3755,1.4391,0.5756
AS5,4,AS,GD,1.4695,1.6801,0.4196
AS5,4,AS,GD,1.5437,1.5976,0.3674
AL1,1,AL,CA1,1.3919,1.4577,0.5939
AL1,1,AL,CA1,1.3393,1.4242,0.6922
AL1,1,AL,CA1,1.4857,1.5172,0.4316
AL1,1,AL,CA1,1.435,1.496,0.4972
AL1,1,AL,CA1,1.498,1.578,0.4677
AL1,1,AL,CA1,1.4085,1.4344,0.5123
AL1,1,AL,CA1,1.3859,1.3524,0.5737
AL1,1,AL,CA1,1.3664,1.6045,0.5256
AL1,1,AL,CA1,1.5195,1.6069,0.4696
AL1,1,AL,CA1,1.4595,1.4984,0.4595
AL1,1,AL,CA1,1.4804,1.4716,0.537
AL1,1,AL,CA1,1.4634,1.5121,0.4601
AL1,1,AL,CA1,1.4322,1.4553,0.5416
AL1,1,AL,CA1,1.4972,1.4987,0.4797
AL1,1,AL,CA1,1.5329,1.5555,0.4927
AL1,2,AL,CA1,1.5349,1.5879,0.5235
AL1,2,AL,CA1,1.4785,1.4488,0.4493
AL1,2,AL,CA1,1.5458,1.6002,0.4277
AL1,2,AL,CA1,1.5324,1.6256,0.4158
AL1,2,AL,CA1,1.3693,1.4402,0.5177
AL1,2,AL,CA1,1.4414,1.3754,0.4948
AL1,2,AL,CA1,1.4723,1.5495,0.447
AL1,2,AL,CA1,1.4357,1.5009,0.4689
AL1,2,AL,CA1,1.4315,1.4476,0.5953
AL1,2,AL,CA1,1.468,1.5075,0.5002
AL1,2,AL,CA1,1.485,1.552,0.4953
AL1,2,AL,CA1,1.3486,1.3875,0.5437
AL1,2,AL,CA1,1.4446,1.6516,0.4496
AL1,2,AL,CA1,1.5045,1.5803,0.4254
AL1,2,AL,CA1,1.5542,1.5381,0.4257
AL1,3,AL,CA1,1.3809,1.3971,0.5577
AL1,3,AL,CA1,1.4242,1.396,0.4612
AL1,3,AL,CA1,1.4618,1.4595,0.6061
AL1,3,AL,CA1,1.4796,1.4718,0.3971
AL1,3,AL,CA1,1.3776,1.5343,0.5944
AL1,3,AL,CA1,1.4497,1.544,0.5989
AL1,3,AL,CA1,1.5116,1.6149,0.372
AL1,3,AL,CA1,1.4619,1.4152,0.5094
AL1,3,AL,CA1,1.4231,1.4604,0.5407
AL1,3,AL,CA1,1.4848,1.4975,0.4563
AL1,3,AL,CA1,1.4873,1.5543,0.536
AL1,3,AL,CA1,1.3145,1.5282,0.4378
AL1,3,AL,CA1,1.5198,1.6498,0.3449
AL1,3,AL,CA1,1.4911,1.5614,0.4572
AL1,3,AL,CA1,1.4909,1.6239,0.475
AL1,4,AL,CA1,1.4311,1.4366,0.527
AL1,4,AL,CA1,1.5528,1.4628,0.3525
AL1,4,AL,CA1,1.4851,1.5539,0.5017
AL1,4,AL,CA1,1.4977,1.573,0.4265
AL1,4,AL,CA1,1.4967,1.5501,0.5133
AL1,4,AL,CA1,1.4906,1.4186,0.3954
AL1,4,AL,CA1,1.5867,1.7703,0.3664
AL1,4,AL,CA1,1.3954,1.3866,0.6019
AL1,4,AL,CA1,1.4184,1.4008,0.6226
AL1,4,AL,CA1,1.3951,1.4896,0.544
AL1,4,AL,CA1,1.3928,1.4969,0.4984
AL1,4,AL,CA1,1.4314,1.3737,0.4437
AL1,4,AL,CA1,1.4851,1.469,0.4342
AL1,4,AL,CA1,1.3119,1.3958,0.5862
AL1,4,AL,CA1,1.3269,1.2907,0.5936
AL1,1,AL,CA3,1.515,1.3929,0.4238
AL1,1,AL,CA3,1.4613,1.5924,0.5396
AL1,1,AL,CA3,1.4379,1.6259,0.3791
AL1,1,AL,CA3,1.5489,1.5152,0.3936
AL1,1,AL,CA3,1.5031,1.6704,0.4229
AL1,1,AL,CA3,1.3424,1.3503,0.5893
AL1,1,AL,CA3,1.4606,1.3921,0.459
AL1,1,AL,CA3,1.4035,1.4423,0.5159
AL1,1,AL,CA3,1.5315,1.5712,0.3745
AL1,1,AL,CA3,1.3884,1.3184,0.5235
AL1,1,AL,CA3,1.4794,1.3339,0.433
AL1,1,AL,CA3,1.4411,1.4366,0.5336
AL1,1,AL,CA3,1.4945,1.479,0.4548
AL1,1,AL,CA3,1.4351,1.5577,0.5172
AL1,1,AL,CA3,1.4121,1.4533,0.56
AL1,2,AL,CA3,1.5517,1.6341,0.404
AL1,2,AL,CA3,1.5175,1.4532,0.4856
AL1,2,AL,CA3,1.4971,1.6189,0.4843
AL1,2,AL,CA3,1.4798,1.6093,0.4901
AL1,2,AL,CA3,1.4567,1.4342,0.4977
AL1,2,AL,CA3,1.3842,1.4361,0.5273
AL1,2,AL,CA3,1.3688,1.4751,0.4878
AL1,2,AL,CA3,1.392,1.4706,0.533
AL1,2,AL,CA3,1.4824,1.5307,0.4389
AL1,2,AL,CA3,1.4887,1.5664,0.4284
AL1,2,AL,CA3,1.4118,1.5403,0.5085
AL1,2,AL,CA3,1.4609,1.4441,0.4068
AL1,2,AL,CA3,1.5182,1.5624,0.4678
AL1,2,AL,CA3,1.4571,1.5195,0.4239
AL1,2,AL,CA3,1.4329,1.4104,0.5545
AL1,3,AL,CA3,1.4194,1.4339,0.6068
AL1,3,AL,CA3,1.4132,1.5085,0.4657
AL1,3,AL,CA3,1.4581,1.491,0.493
AL1,3,AL,CA3,1.3719,1.4896,0.477
AL1,3,AL,CA3,1.4876,1.4643,0.4428
AL1,3,AL,CA3,1.4147,1.4762,0.4842
AL1,3,AL,CA3,1.2831,1.3149,0.5484
AL1,3,AL,CA3,1.2785,1.3502,0.4581
AL1,3,AL,CA3,0.9159,-0,0.2847
AL1,3,AL,CA3,1.5275,1.6432,0.35
AL1,3,AL,CA3,1.4251,1.5262,0.461
AL1,3,AL,CA3,1.4703,1.4255,0.4598
AL1,3,AL,CA3,1.4681,1.6344,0.5072
AL1,3,AL,CA3,1.4228,1.5279,0.4912
AL1,3,AL,CA3,1.4465,1.4128,0.5111
AL1,4,AL,CA3,1.4591,1.463,0.414
AL1,4,AL,CA3,1.5274,1.436,0.3978
AL1,4,AL,CA3,1.4509,1.5573,0.4602
AL1,4,AL,CA3,1.3954,1.5654,0.5469
AL1,4,AL,CA3,1.5275,1.702,0.3782
AL1,4,AL,CA3,1.3994,1.4874,0.5159
AL1,4,AL,CA3,1.3858,1.4581,0.4849
AL1,4,AL,CA3,1.5255,1.5565,0.3889
AL1,4,AL,CA3,1.4439,1.5037,0.506
AL1,4,AL,CA3,1.4687,1.4607,0.5148
AL1,4,AL,CA3,1.393,1.4346,0.5268
AL1,4,AL,CA3,1.3497,1.3787,0.572
AL1,4,AL,CA3,1.5159,1.6289,0.4764
AL1,4,AL,CA3,1.4744,1.2826,0.3982
AL1,4,AL,CA3,1.4803,1.599,0.4316
AL1,1,AL,GD,1.4023,1.483,0.5526
AL1,1,AL,GD,1.4735,1.4684,0.5227
AL1,1,AL,GD,1.4316,1.5241,0.5414
AL1,1,AL,GD,1.4854,1.4846,0.4168
AL1,1,AL,GD,1.4233,1.5527,0.5093
AL1,1,AL,GD,1.4345,1.5513,0.5156
AL1,1,AL,GD,1.4382,1.3666,0.6163
AL1,1,AL,GD,1.5481,1.6158,0.301
AL1,1,AL,GD,1.5166,1.6215,0.4837
AL1,1,AL,GD,1.3887,1.2399,0.557
AL1,1,AL,GD,1.477,1.5587,0.4833
AL1,1,AL,GD,1.5264,1.6792,0.4171
AL1,1,AL,GD,1.403,1.4694,0.5289
AL1,1,AL,GD,1.3994,1.4106,0.5537
AL1,1,AL,GD,1.4084,1.4838,0.5805
AL1,2,AL,GD,1.488,1.5869,0.4147
AL1,2,AL,GD,1.3865,1.4769,0.5635
AL1,2,AL,GD,1.348,1.405,0.5193
AL1,2,AL,GD,1.469,1.4984,0.4465
AL1,2,AL,GD,1.4602,1.6014,0.5465
AL1,2,AL,GD,1.4283,1.4489,0.5199
AL1,2,AL,GD,1.4469,1.476,0.4319
AL1,2,AL,GD,1.5372,1.4743,0.4013
AL1,2,AL,GD,1.4347,1.4694,0.4939
AL1,2,AL,GD,1.4991,1.5713,0.4744
AL1,2,AL,GD,1.4857,1.5405,0.4427
AL1,2,AL,GD,1.5231,1.4754,0.4205
AL1,2,AL,GD,1.5077,1.6433,0.409
AL1,2,AL,GD,1.3873,1.5578,0.5258
AL1,2,AL,GD,1.4378,1.3415,0.5203
AL1,3,AL,GD,1.4707,1.5357,0.3599
AL1,3,AL,GD,1.4884,1.4245,0.4346
AL1,3,AL,GD,1.4076,1.5256,0.5159
AL1,3,AL,GD,1.514,1.6206,0.5223
AL1,3,AL,GD,1.5702,1.5246,0.4109
AL1,3,AL,GD,1.4645,1.4264,0.479
AL1,3,AL,GD,1.4805,1.546,0.4196
AL1,3,AL,GD,1.4212,1.5201,0.5482
AL1,3,AL,GD,1.456,1.6535,0.523
AL1,3,AL,GD,1.4257,1.4927,0.4921
AL1,3,AL,GD,1.3887,1.3699,0.5577
AL1,3,AL,GD,1.4907,1.4261,0.4431
AL1,3,AL,GD,1.4921,1.6398,0.481
AL1,3,AL,GD,1.5282,1.5405,0.4533
AL1,3,AL,GD,1.5357,1.4714,0.379
AL1,4,AL,GD,1.4639,1.5055,0.5362
AL1,4,AL,GD,1.4371,1.5223,0.5553
AL1,4,AL,GD,1.4084,1.583,0.4415
AL1,4,AL,GD,1.4144,1.4842,0.5186
AL1,4,AL,GD,1.4934,1.5013,0.502
AL1,4,AL,GD,1.4287,1.373,0.5037
AL1,4,AL,GD,1.489,1.5593,0.4644
AL1,4,AL,GD,1.4667,1.4529,0.5143
AL1,4,AL,GD,1.4048,1.366,0.5398
AL1,4,AL,GD,1.4675,1.5085,0.4068
AL1,4,AL,GD,1.5369,1.6126,0.3149
AL1,4,AL,GD,1.388,1.4744,0.5587
AL1,4,AL,GD,1.4403,1.5139,0.4744
AL1,4,AL,GD,1.3843,1.441,0.5991
AL1,4,AL,GD,1.504,1.5583,0.5133
AL2,1,AL,CA1,1.4781,1.4773,0.5162
AL2,1,AL,CA1,1.4411,1.4663,0.4872
AL2,1,AL,CA1,1.4203,1.3985,0.568
AL2,1,AL,CA1,1.4183,1.4651,0.5772
AL2,1,AL,CA1,1.4558,1.3831,0.4426
AL2,1,AL,CA1,1.4554,1.5191,0.4498
AL2,1,AL,CA1,1.3672,1.4165,0.5566
AL2,1,AL,CA1,1.3824,1.4431,0.5504
AL2,1,AL,CA1,1.413,1.4222,0.5367
AL2,1,AL,CA1,1.3914,1.3264,0.4948
AL2,1,AL,CA1,1.4956,1.6061,0.4652
AL2,1,AL,CA1,1.3363,1.4345,0.5342
AL2,1,AL,CA1,1.4607,1.4724,0.4924
AL2,1,AL,CA1,1.412,1.481,0.6227
AL2,1,AL,CA1,1.4544,1.4307,0.5208
AL2,2,AL,CA1,1.402,1.4456,0.5049
AL2,2,AL,CA1,1.3688,1.4939,0.4653
AL2,2,AL,CA1,1.4939,1.5811,0.4287
AL2,2,AL,CA1,1.296,1.4608,0.5113
AL2,2,AL,CA1,1.3724,1.5625,0.5625
AL2,2,AL,CA1,1.4016,1.4674,0.6216
AL2,2,AL,CA1,1.3395,1.4218,0.5755
AL2,2,AL,CA1,1.4398,1.4723,0.564
AL2,2,AL,CA1,1.4564,1.4767,0.4899
AL2,2,AL,CA1,1.3446,1.435,0.5882
AL2,2,AL,CA1,1.4866,1.5902,0.5546
AL2,2,AL,CA1,1.3997,1.4704,0.6637
AL2,2,AL,CA1,1.4452,1.6173,0.499
AL2,2,AL,CA1,1.4591,1.5918,0.5406
AL2,2,AL,CA1,1.4883,1.4733,0.652
AL2,3,AL,CA1,1.443,1.5604,0.5302
AL2,3,AL,CA1,1.5407,1.6038,0.3709
AL2,3,AL,CA1,1.5428,1.5978,0.4786
AL2,3,AL,CA1,1.3854,1.4362,0.6237
AL2,3,AL,CA1,1.4874,1.5782,0.5086
AL2,3,AL,CA1,1.4457,1.4951,0.5153
AL2,3,AL,CA1,1.4337,1.5571,0.6067
AL2,3,AL,CA1,1.4156,1.3832,0.5432
AL2,3,AL,CA1,1.4614,1.5677,0.5117
AL2,3,AL,CA1,1.5211,1.6988,0.4775
AL2,3,AL,CA1,1.4721,1.487,0.5288
AL2,3,AL,CA1,1.4847,1.5264,0.5542
AL2,3,AL,CA1,1.4034,1.4461,0.6178
AL2,3,AL,CA1,1.4999,1.5948,0.5383
AL2,3,AL,CA1,1.3888,1.4431,0.6055
AL2,4,AL,CA1,1.4361,1.5556,0.5155
AL2,4,AL,CA1,1.4426,1.4519,0.5775
AL2,4,AL,CA1,1.3942,1.3298,0.5587
AL2,4,AL,CA1,1.5283,1.6067,0.4112
AL2,4,AL,CA1,1.4233,1.4524,0.469
AL2,4,AL,CA1,1.4412,1.5293,0.592
AL2,4,AL,CA1,1.4936,1.5104,0.4936
AL2,4,AL,CA1,1.3664,1.4142,0.567
AL2,4,AL,CA1,1.3742,1.3582,0.5144
AL2,4,AL,CA1,1.5395,1.5256,0.3843
AL2,4,AL,CA1,1.4388,1.4409,0.5487
AL2,4,AL,CA1,1.448,1.4473,0.5315
AL2,4,AL,CA1,1.417,1.5431,0.5063
AL2,4,AL,CA1,1.387,1.3935,0.53
AL2,4,AL,CA1,1.5106,1.3744,0.4491
AL2,1,AL,CA3,1.4401,1.5084,0.5307
AL2,1,AL,CA3,1.4224,1.3359,0.5863
AL2,1,AL,CA3,1.4168,1.4985,0.5384
AL2,1,AL,CA3,1.37,1.4268,0.5745
AL2,1,AL,CA3,1.3842,1.4741,0.6699
AL2,1,AL,CA3,1.4502,1.5893,0.4744
AL2,1,AL,CA3,1.4517,1.6207,0.3881
AL2,1,AL,CA3,1.4078,1.525,0.4627
AL2,1,AL,CA3,1.4203,1.544,0.5517
AL2,1,AL,CA3,1.4533,1.4698,0.4705
AL2,1,AL,CA3,1.4222,1.7645,0.4652
AL2,1,AL,CA3,1.3443,1.4738,0.5336
AL2,1,AL,CA3,1.4311,1.3181,0.4514
AL2,1,AL,CA3,1.4403,1.4749,0.6021
AL2,1,AL,CA3,1.3936,1.4043,0.5162
AL2,2,AL,CA3,1.5539,1.579,0.465
AL2,2,AL,CA3,1.4696,1.5601,0.4814
AL2,2,AL,CA3,1.3666,1.4282,0.5726
AL2,2,AL,CA3,1.4792,1.5076,0.4569
AL2,2,AL,CA3,1.3506,1.3816,0.6549
AL2,2,AL,CA3,1.3581,1.4635,0.6332
AL2,2,AL,CA3,1.4895,1.6246,0.4876
AL2,2,AL,CA3,1.4546,1.4944,0.5393
AL2,2,AL,CA3,1.4473,1.478,0.5025
AL2,2,AL,CA3,1.3383,1.3115,0.5749
AL2,2,AL,CA3,1.4725,1.5413,0.4586
AL2,2,AL,CA3,1.4518,1.5844,0.521
AL2,2,AL,CA3,1.4125,1.454,0.5887
AL2,2,AL,CA3,1.4655,1.5785,0.5208
AL2,2,AL,CA3,1.4111,1.4421,0.5882
AL2,3,AL,CA3,1.3536,1.43,0.664
AL2,3,AL,CA3,1.4351,1.4704,0.567
AL2,3,AL,CA3,1.3792,1.4646,0.543
AL2,3,AL,CA3,1.5409,1.6601,0.3782
AL2,3,AL,CA3,1.4805,1.3029,0.3821
AL2,3,AL,CA3,1.4607,1.4273,0.5221
AL2,3,AL,CA3,1.4421,1.5659,0.4113
AL2,3,AL,CA3,1.4316,1.4519,0.442
AL2,3,AL,CA3,1.4942,1.4868,0.5578
AL2,3,AL,CA3,1.407,1.4706,0.5895
AL2,3,AL,CA3,1.5392,1.5203,0.4054
AL2,3,AL,CA3,1.4436,1.3501,0.5764
AL2,3,AL,CA3,1.4085,1.4672,0.5701
AL2,3,AL,CA3,1.3966,1.0361,0.3979
AL2,3,AL,CA3,1.4056,1.428,0.624
AL2,4,AL,CA3,1.3599,1.5752,0.5328
AL2,4,AL,CA3,1.4298,1.5186,0.4275
AL2,4,AL,CA3,1.3789,1.5895,0.4627
AL2,4,AL,CA3,1.5427,1.6564,0.5142
AL2,4,AL,CA3,1.4938,1.5492,0.5706
AL2,4,AL,CA3,1.5261,1.5782,0.4583
AL2,4,AL,CA3,1.519,1.6171,0.4152
AL2,4,AL,CA3,1.3599,1.3545,0.5385
AL2,4,AL,CA3,1.4227,1.5388,0.4574
AL2,4,AL,CA3,1.4924,1.6389,0.5644
AL2,4,AL,CA3,1.4703,1.6067,0.6089
AL2,4,AL,CA3,1.3168,1.3818,0.5531
AL2,4,AL,CA3,1.5023,1.6934,0.4507
AL2,4,AL,CA3,1.4792,1.6383,0.4666
AL2,4,AL,CA3,1.4847,1.4437,0.4666
AL2,1,AL,GD,1.5016,1.5312,0.3784
AL2,1,AL,GD,1.5696,1.6515,0.3758
AL2,1,AL,GD,1.3871,1.4659,0.5958
AL2,1,AL,GD,1.3749,1.4389,0.6161
AL2,1,AL,GD,1.4846,1.6224,0.5466
AL2,1,AL,GD,1.4476,1.4504,0.5909
AL2,1,AL,GD,1.3627,1.3302,0.4085
AL2,1,AL,GD,1.4226,1.5362,0.605
AL2,1,AL,GD,1.4002,1.6272,0.4606
AL2,1,AL,GD,1.4778,1.558,0.4305
AL2,1,AL,GD,1.5037,1.5298,0.4151
AL2,1,AL,GD,1.4586,1.5738,0.4979
AL2,1,AL,GD,1.4756,1.5429,0.5103
AL2,1,AL,GD,1.4979,1.6286,0.3641
AL2,1,AL,GD,1.5093,1.7645,0.4144
AL2,2,AL,GD,1.467,1.5846,0.5643
AL2,2,AL,GD,1.5144,1.5194,0.4703
AL2,2,AL,GD,1.4399,1.425,0.5722
AL2,2,AL,GD,1.4323,1.4865,0.6198
AL2,2,AL,GD,1.4052,1.5114,0.5256
AL2,2,AL,GD,1.4361,1.5233,0.4109
AL2,2,AL,GD,1.3831,1.6989,0.4765
AL2,2,AL,GD,1.3798,1.3954,0.5762
AL2,2,AL,GD,1.4605,1.3503,0.5364
AL2,2,AL,GD,1.4185,1.5091,0.5607
AL2,2,AL,GD,1.3987,1.5606,0.433
AL2,2,AL,GD,1.5507,1.7117,0.3374
AL2,2,AL,GD,1.5653,1.7704,0.3144
AL2,2,AL,GD,1.4806,1.5107,0.485
AL2,2,AL,GD,1.5783,1.6364,0.3396
AL2,3,AL,GD,1.4068,1.4573,0.5666
AL2,3,AL,GD,1.4179,1.6083,0.5728
AL2,3,AL,GD,1.4881,1.2889,0.4609
AL2,3,AL,GD,1.5527,1.5269,0.4331
AL2,3,AL,GD,1.4745,1.512,0.5398
AL2,3,AL,GD,1.3938,1.3523,0.52
AL2,3,AL,GD,1.4168,1.5841,0.5437
AL2,3,AL,GD,1.4408,1.3658,0.5951
AL2,3,AL,GD,1.4127,1.4721,0.5176
AL2,3,AL,GD,1.5813,1.6682,0.3455
AL2,3,AL,GD,1.4296,1.3636,0.6135
AL2,3,AL,GD,1.3313,1.4812,0.4819
AL2,3,AL,GD,1.3996,1.3743,0.4997
AL2,3,AL,GD,1.4547,1.4574,0.532
AL2,3,AL,GD,1.363,1.4662,0.5989
AL2,4,AL,GD,1.4453,1.467,0.5437
AL2,4,AL,GD,1.4677,1.5118,0.5323
AL2,4,AL,GD,1.4672,1.5619,0.4317
AL2,4,AL,GD,1.4689,1.5485,0.3994
AL2,4,AL,GD,1.3421,1.5733,0.6458
AL2,4,AL,GD,1.4726,1.604,0.4489
AL2,4,AL,GD,1.4562,1.5016,0.4368
AL2,4,AL,GD,1.4201,1.5243,0.6249
AL2,4,AL,GD,1.5168,1.583,0.3721
AL2,4,AL,GD,1.4395,1.513,0.517
AL2,4,AL,GD,1.4827,1.445,0.4728
AL2,4,AL,GD,1.4453,1.5944,0.4774
AL2,4,AL,GD,1.432,1.404,0.5375
AL2,4,AL,GD,1.4879,1.6084,0.5557
AL2,4,AL,GD,1.491,1.4157,0.4007
AL3,1,AL,CA1,1.4054,1.3939,0.6725
AL3,1,AL,CA1,1.3422,1.3996,0.6022
AL3,1,AL,CA1,1.4036,1.3418,0.6316
AL3,1,AL,CA1,1.3304,1.3366,0.6775
AL3,1,AL,CA1,1.3793,1.4397,0.6139
AL3,1,AL,CA1,1.4614,1.5396,0.5544
AL3,1,AL,CA1,1.4039,1.454,0.5549
AL3,1,AL,CA1,1.4321,1.4615,0.4788
AL3,1,AL,CA1,1.3527,1.3315,0.5265
AL3,1,AL,CA1,1.3277,1.503,0.5699
AL3,1,AL,CA1,1.4997,1.6137,0.3803
AL3,1,AL,CA1,1.4854,1.5944,0.4722
AL3,1,AL,CA1,1.4991,1.5425,0.437
AL3,1,AL,CA1,1.4391,1.5176,0.507
AL3,1,AL,CA1,1.4395,1.512,0.5418
AL3,2,AL,CA1,1.4558,1.5368,0.6203
AL3,2,AL,CA1,1.3769,1.4305,0.6522
AL3,2,AL,CA1,1.4075,1.4926,0.5575
AL3,2,AL,CA1,1.4265,1.4582,0.5479
AL3,2,AL,CA1,1.4466,1.4411,0.5001
AL3,2,AL,CA1,1.4672,1.6363,0.5126
AL3,2,AL,CA1,1.4014,1.5144,0.5328
AL3,2,AL,CA1,1.3767,1.662,0.4761
AL3,2,AL,CA1,1.4964,1.535,0.6057
AL3,2,AL,CA1,1.3483,1.2796,0.5526
AL3,2,AL,CA1,1.3475,1.3666,0.5687
AL3,2,AL,CA1,1.4226,1.4742,0.5923
AL3,2,AL,CA1,1.4874,1.7115,0.3972
AL3,2,AL,CA1,1.4452,1.3971,0.4581
AL3,2,AL,CA1,1.4208,1.6366,0.5556
AL3,3,AL,CA1,1.3944,1.2636,0.434
AL3,3,AL,CA1,1.443,1.5086,0.536
AL3,3,AL,CA1,1.4326,1.4688,0.5456
AL3,3,AL,CA1,1.4336,1.528,0.5886
AL3,3,AL,CA1,1.3041,1.479,0.5431
AL3,3,AL,CA1,1.3484,1.408,0.5099
AL3,3,AL,CA1,1.3682,1.3784,0.6202
AL3,3,AL,CA1,1.3283,1.3549,0.526
AL3,3,AL,CA1,1.4012,1.4772,0.5367
AL3,3,AL,CA1,1.3884,1.4724,0.7336
AL3,3,AL,CA1,1.4837,1.6562,0.4224
AL3,3,AL,CA1,1.3337,1.4057,0.6026
AL3,3,AL,CA1,1.549,1.3664,0.3995
AL3,3,AL,CA1,1.4091,1.4543,0.6145
AL3,3,AL,CA1,1.4363,1.4844,0.5381
AL3,4,AL,CA1,1.3125,1.3273,0.582
AL3,4,AL,CA1,1.385,1.4311,0.5052
AL3,4,AL,CA1,1.4586,1.3669,0.473
AL3,4,AL,CA1,1.3124,1.2769,0.6085
AL3,4,AL,CA1,1.4541,1.5458,0.4921
AL3,4,AL,CA1,1.2915,1.4258,0.6007
AL3,4,AL,CA1,1.3841,1.3152,0.5356
AL3,4,AL,CA1,1.4248,1.4488,0.6213
AL3,4,AL,CA1,1.3606,1.5261,0.5009
AL3,4,AL,CA1,1.4389,1.5691,0.4941
AL3,4,AL,CA1,1.397,1.4923,0.5791
AL3,4,AL,CA1,1.3971,1.4928,0.5843
AL3,4,AL,CA1,1.4236,1.4783,0.4623
AL3,4,AL,CA1,1.3155,1.4701,0.557
AL3,4,AL,CA1,1.523,1.5118,0.4707
AL3,1,AL,CA3,1.4747,1.5888,0.461
AL3,1,AL,CA3,1.4732,1.6599,0.4624
AL3,1,AL,CA3,1.4415,1.4922,0.559
AL3,1,AL,CA3,1.2968,1.3406,0.5482
AL3,1,AL,CA3,1.4911,1.4856,0.4977
AL3,1,AL,CA3,1.4204,1.3124,0.5196
AL3,1,AL,CA3,1.4336,1.4603,0.502
AL3,1,AL,CA3,1.3757,1.5214,0.5583
AL3,1,AL,CA3,1.4516,1.4333,0.4506
AL3,1,AL,CA3,1.4835,1.5092,0.4811
AL3,1,AL,CA3,1.3705,1.316,0.5794
AL3,1,AL,CA3,1.5411,1.6454,0.4175
AL3,1,AL,CA3,1.4564,1.5071,0.4876
AL3,1,AL,CA3,1.4897,1.5796,0.4488
AL3,1,AL,CA3,1.4451,1.396,0.5099
AL3,2,AL,CA3,1.5541,1.6937,0.3665
AL3,2,AL,CA3,1.435,1.5182,0.3953
AL3,2,AL,CA3,1.5025,1.5875,0.4093
AL3,2,AL,CA3,1.467,1.497,0.4242
AL3,2,AL,CA3,1.39,1.4873,0.4168
AL3,2,AL,CA3,1.5113,1.5971,0.4834
AL3,2,AL,CA3,1.4038,1.5033,0.6669
AL3,2,AL,CA3,1.432,1.4708,0.5657
AL3,2,AL,CA3,1.418,1.5993,0.4599
AL3,2,AL,CA3,1.506,1.4757,0.369
AL3,2,AL,CA3,1.4573,1.5737,0.4733
AL3,2,AL,CA3,1.3976,1.3463,0.5554
AL3,2,AL,CA3,1.5046,1.5926,0.4995
AL3,2,AL,CA3,1.4858,1.5088,0.5512
AL3,2,AL,CA3,1.4191,1.4639,0.5878
AL3,3,AL,CA3,1.3469,1.4091,0.5512
AL3,3,AL,CA3,1.5129,1.5969,0.478
AL3,3,AL,CA3,1.4613,1.5363,0.4858
AL3,3,AL,CA3,1.4094,1.5138,0.5402
AL3,3,AL,CA3,1.5352,1.6897,0.3658
AL3,3,AL,CA3,1.0565,1.881,0.3047
AL3,3,AL,CA3,1.4804,1.6603,0.4471
AL3,3,AL,CA3,1.4016,1.5449,0.5234
AL3,3,AL,CA3,1.4284,1.4904,0.4875
AL3,3,AL,CA3,1.4093,1.4029,0.514
AL3,3,AL,CA3,1.5001,1.646,0.4798
AL3,3,AL,CA3,1.3846,1.2469,0.5274
AL3,3,AL,CA3,1.4944,1.5117,0.4285
AL3,3,AL,CA3,1.4124,1.4109,0.4248
AL3,3,AL,CA3,1.4165,1.44,0.4946
AL3,4,AL,CA3,1.5009,1.8718,0.3527
AL3,4,AL,CA3,1.6119,1.5889,0.3472
AL3,4,AL,CA3,1.396,1.4561,0.5508
AL3,4,AL,CA3,1.4581,1.4394,0.4844
AL3,4,AL,CA3,1.3989,1.4559,0.6152
AL3,4,AL,CA3,1.4671,1.4876,0.4556
AL3,4,AL,CA3,1.4989,1.5493,0.4117
AL3,4,AL,CA3,1.4938,1.5342,0.4307
AL3,4,AL,CA3,1.4434,1.5105,0.5843
AL3,4,AL,CA3,1.4734,1.543,0.5592
AL3,4,AL,CA3,1.4891,1.4895,0.4673
AL3,4,AL,CA3,1.3849,1.3917,0.5959
AL3,4,AL,CA3,1.4662,1.4986,0.5863
AL3,4,AL,CA3,1.4288,1.5502,0.5792
AL3,4,AL,CA3,1.4345,1.4112,0.4491
AL3,1,AL,GD,1.3753,1.3888,0.5099
AL3,1,AL,GD,1.4432,1.5605,0.6065
AL3,1,AL,GD,1.5029,1.5708,0.5044
AL3,1,AL,GD,1.6038,1.6782,0.3321
AL3,1,AL,GD,1.4084,1.377,0.5143
AL3,1,AL,GD,1.4295,1.4067,0.5788
AL3,1,AL,GD,1.4459,1.3887,0.5531
AL3,1,AL,GD,1.4829,1.3949,0.4549
AL3,1,AL,GD,1.4731,1.6058,0.5463
AL3,1,AL,GD,1.467,1.5012,0.6097
AL3,1,AL,GD,1.4294,1.4423,0.5135
AL3,1,AL,GD,1.3641,1.468,0.5488
AL3,1,AL,GD,1.4768,1.5825,0.5268
AL3,1,AL,GD,1.4744,1.4761,0.5662
AL3,1,AL,GD,1.4609,1.559,0.5134
AL3,2,AL,GD,1.5058,1.4706,0.4197
AL3,2,AL,GD,1.5316,1.6727,0.3647
AL3,2,AL,GD,1.3626,1.4411,0.4876
AL3,2,AL,GD,1.3648,1.3464,0.5598
AL3,2,AL,GD,1.4707,1.4648,0.5968
AL3,2,AL,GD,1.5473,1.4318,0.3524
AL3,2,AL,GD,1.434,1.5814,0.4819
AL3,2,AL,GD,1.4854,1.5642,0.4274
AL3,2,AL,GD,1.3936,1.2056,0.2662
AL3,2,AL,GD,1.4131,1.5127,0.5762
AL3,2,AL,GD,1.4571,1.4192,0.5198
AL3,2,AL,GD,1.357,1.4342,0.5597
AL3,2,AL,GD,1.4687,1.562,0.5268
AL3,2,AL,GD,1.3864,1.3305,0.4273
AL3,2,AL,GD,1.5112,1.6344,0.343
AL3,3,AL,GD,1.514,1.36,0.4297
AL3,3,AL,GD,1.5277,1.5724,0.4506
AL3,3,AL,GD,1.5065,1.714,0.4195
AL3,3,AL,GD,1.381,1.5781,0.4719
AL3,3,AL,GD,1.5279,1.5133,0.4479
AL3,3,AL,GD,1.3637,1.3355,0.5807
AL3,3,AL,GD,1.5011,1.6183,0.4347
AL3,3,AL,GD,1.3792,1.5287,0.5673
AL3,3,AL,GD,1.3732,1.2675,0.48
AL3,3,AL,GD,1.4596,1.4218,0.5244
AL3,3,AL,GD,1.5301,1.5285,0.4246
AL3,3,AL,GD,1.4849,1.509,0.4943
AL3,3,AL,GD,1.4966,1.5839,0.4135
AL3,3,AL,GD,1.5401,1.589,0.419
AL3,3,AL,GD,1.4662,1.4876,0.4541
AL3,4,AL,GD,1.4831,1.6218,0.3647
AL3,4,AL,GD,1.4782,1.5362,0.4279
AL3,4,AL,GD,1.4825,1.4932,0.5062
AL3,4,AL,GD,1.432,1.4354,0.5143
AL3,4,AL,GD,1.4609,1.4821,0.4395
AL3,4,AL,GD,1.4367,1.4782,0.5514
AL3,4,AL,GD,1.4905,1.6311,0.3492
AL3,4,AL,GD,1.2748,1.2966,0.547
AL3,4,AL,GD,1.53,1.6125,0.4559
AL3,4,AL,GD,1.422,1.4128,0.4746
AL3,4,AL,GD,1.3602,1.3926,0.5918
AL3,4,AL,GD,1.4439,1.5404,0.5395
AL3,4,AL,GD,1.4069,1.3845,0.5455
AL3,4,AL,GD,1.3934,1.3767,0.5419
AL3,4,AL,GD,1.4987,1.3828,0.4043
AL4,1,AL,CA1,1.5581,1.7375,0.4319
AL4,1,AL,CA1,1.4458,1.5074,0.5163
AL4,1,AL,CA1,1.49,1.5293,0.4096
AL4,1,AL,CA1,1.4183,1.3983,0.5802
AL4,1,AL,CA1,1.4239,1.4643,0.6303
AL4,1,AL,CA1,1.5298,1.6387,0.4565
AL4,1,AL,CA1,1.4797,1.5791,0.4296
AL4,1,AL,CA1,1.5238,1.574,0.4573
AL4,1,AL,CA1,1.3931,1.448,0.6115
AL4,1,AL,CA1,1.3288,1.3522,0.6054
AL4,1,AL,CA1,1.3205,1.3583,0.6724
AL4,1,AL,CA1,1.4791,1.6025,0.5329
AL4,1,AL,CA1,1.3761,1.4285,0.604
AL4,1,AL,CA1,1.416,1.5033,0.5437
AL4,1,AL,CA1,1.3476,1.421,0.5225
AL4,2,AL,CA1,1.4815,1.881,0.4024
AL4,2,AL,CA1,1.4575,1.3342,0.4833
AL4,2,AL,CA1,1.3725,1.3625,0.6595
AL4,2,AL,CA1,1.4666,1.5324,0.4269
AL4,2,AL,CA1,1.5063,1.5475,0.4485
AL4,2,AL,CA1,1.4369,1.4954,0.6244
AL4,2,AL,CA1,1.5259,1.6219,0.4294
AL4,2,AL,CA1,1.6098,1.6637,0.3409
AL4,2,AL,CA1,1.4317,1.5418,0.5233
AL4,2,AL,CA1,1.4547,1.435,0.5067
AL4,2,AL,CA1,1.4277,1.5058,0.6041
AL4,2,AL,CA1,1.5031,1.5834,0.4991
AL4,2,AL,CA1,1.4829,1.4317,0.5448
AL4,2,AL,CA1,1.495,1.5739,0.5691
AL4,2,AL,CA1,1.4666,1.5324,0.4269
AL4,3,AL,CA1,1.3904,1.5374,0.4787
AL4,3,AL,CA1,1.4118,1.3808,0.5158
AL4,3,AL,CA1,1.3761,1.3379,0.5643
AL4,3,AL,CA1,1.491,1.5943,0.4986
AL4,3,AL,CA1,1.5908,1.9799,0.3917
AL4,3,AL,CA1,1.4445,1.5026,0.5539
AL4,3,AL,CA1,1.3732,1.5294,0.5781
AL4,3,AL,CA1,1.471,1.5405,0.5302
AL4,3,AL,CA1,1.5534,1.6863,0.3957
AL4,3,AL,CA1,1.3988,1.3651,0.5903
AL4,3,AL,CA1,1.4449,1.3967,0.5527
AL4,3,AL,CA1,1.4731,1.5532,0.511
AL4,3,AL,CA1,1.4526,1.5737,0.4278
AL4,3,AL,CA1,1.5305,1.5834,0.3821
AL4,3,AL,CA1,1.6096,1.6999,0.3513
AL4,4,AL,CA1,1.3678,1.4298,0.5628
AL4,4,AL,CA1,1.4547,1.5297,0.5443
AL4,4,AL,CA1,1.4684,1.4234,0.5021
AL4,4,AL,CA1,1.325,1.3773,0.4974
AL4,4,AL,CA1,1.3842,1.4739,0.5316
AL4,4,AL,CA1,1.356,1.4699,0.6279
AL4,4,AL,CA1,1.4741,1.4704,0.4978
AL4,4,AL,CA1,1.3431,1.4303,0.5784
AL4,4,AL,CA1,1.4606,1.2749,0.4665
AL4,4,AL,CA1,1.4062,1.5492,0.4022
AL4,4,AL,CA1,1.4632,1.5149,0.4555
AL4,4,AL,CA1,1.4505,1.5366,0.5074
AL4,4,AL,CA1,1.4772,1.5625,0.5688
AL4,4,AL,CA1,1.5209,1.6072,0.5623
AL4,4,AL,CA1,1.4282,1.6207,0.4389
AL4,1,AL,CA3,1.4559,1.5523,0.4784
AL4,1,AL,CA3,1.5279,1.5439,0.3875
AL4,1,AL,CA3,1.5285,1.5357,0.3542
AL4,1,AL,CA3,1.5129,1.6113,0.3599
AL4,1,AL,CA3,1.4365,1.4955,0.5894
AL4,1,AL,CA3,1.5369,1.6362,0.4767
AL4,1,AL,CA3,1.452,1.5451,0.4204
AL4,1,AL,CA3,1.5123,1.6718,0.3411
AL4,1,AL,CA3,1.5348,1.4731,0.3901
AL4,1,AL,CA3,1.4511,1.4814,0.4653
AL4,1,AL,CA3,1.4472,1.5665,0.5682
AL4,1,AL,CA3,1.4485,1.4066,0.5173
AL4,1,AL,CA3,1.3149,1.4728,0.5892
AL4,1,AL,CA3,1.4346,1.6036,0.5002
AL4,1,AL,CA3,1.4491,1.5505,0.4356
AL4,2,AL,CA3,1.407,1.4711,0.5223
AL4,2,AL,CA3,1.4534,1.5287,0.652
AL4,2,AL,CA3,1.4593,1.5893,0.5951
AL4,2,AL,CA3,1.4909,1.5698,0.6047
AL4,2,AL,CA3,1.438,1.4675,0.4902
AL4,2,AL,CA3,1.5168,1.6714,0.4501
AL4,2,AL,CA3,1.3688,1.2892,0.534
AL4,2,AL,CA3,1.4043,1.4212,0.5683
AL4,2,AL,CA3,1.2781,1.3999,0.5344
AL4,2,AL,CA3,1.4948,1.555,0.4761
AL4,2,AL,CA3,1.4669,1.5251,0.4125
AL4,2,AL,CA3,1.411,1.5895,0.4534
AL4,2,AL,CA3,1.3945,1.4743,0.5278
AL4,2,AL,CA3,1.4708,1.4867,0.4962
AL4,2,AL,CA3,1.3757,1.3119,0.5173
AL4,3,AL,CA3,1.3403,1.4521,0.5323
AL4,3,AL,CA3,1.5709,1.3102,0.4206
AL4,3,AL,CA3,1.5107,1.6168,0.3666
AL4,3,AL,CA3,1.4963,1.5774,0.4093
AL4,3,AL,CA3,1.4509,1.4065,0.4067
AL4,3,AL,CA3,1.4454,1.5696,0.5192
AL4,3,AL,CA3,1.537,1.6019,0.3747
AL4,3,AL,CA3,1.4856,1.4872,0.491
AL4,3,AL,CA3,1.4881,1.4758,0.4254
AL4,3,AL,CA3,1.3948,1.4423,0.5993
AL4,3,AL,CA3,1.5202,1.5882,0.4553
AL4,3,AL,CA3,1.3625,1.3882,0.6422
AL4,3,AL,CA3,1.4198,1.2774,0.4494
AL4,3,AL,CA3,1.3471,1.3998,0.5173
AL4,3,AL,CA3,1.5201,1.4895,0.3585
AL4,4,AL,CA3,1.5524,1.5416,0.3866
AL4,4,AL,CA3,1.5037,1.5026,0.3931
AL4,4,AL,CA3,1.4995,1.6575,0.4018
AL4,4,AL,CA3,1.3882,1.4868,0.5586
AL4,4,AL,CA3,1.4183,1.4755,0.5027
AL4,4,AL,CA3,1.4187,1.5495,0.5409
AL4,4,AL,CA3,1.4726,1.5677,0.5078
AL4,4,AL,CA3,1.3936,1.5108,0.5025
AL4,4,AL,CA3,1.4097,1.3639,0.4369
AL4,4,AL,CA3,1.3399,1.4502,0.6114
AL4,4,AL,CA3,1.4229,1.4659,0.4882
AL4,4,AL,CA3,1.4298,1.5567,0.5261
AL4,4,AL,CA3,1.4722,1.4405,0.4388
AL4,4,AL,CA3,1.2683,1.2934,0.515
AL4,4,AL,CA3,1.4517,1.385,0.4509
AL4,1,AL,GD,1.5978,1.6971,0.3548
AL4,1,AL,GD,1.4955,1.5748,0.4226
AL4,1,AL,GD,1.4538,1.5434,0.5382
AL4,1,AL,GD,1.5325,1.5427,0.4547
AL4,1,AL,GD,1.3644,1.456,0.5264
AL4,1,AL,GD,1.3856,1.5077,0.5875
AL4,1,AL,GD,1.3801,1.4801,0.5492
AL4,1,AL,GD,1.4603,1.5295,0.4645
AL4,1,AL,GD,1.409,1.3552,0.6915
AL4,1,AL,GD,1.4376,1.2683,0.5159
AL4,1,AL,GD,1.4314,1.3596,0.5787
AL4,1,AL,GD,1.4165,1.5092,0.5882
AL4,1,AL,GD,1.4636,1.603,0.4805
AL4,1,AL,GD,1.3697,1.4951,0.6239
AL4,1,AL,GD,1.3867,1.4709,0.5068
AL4,2,AL,GD,1.5278,1.5466,0.4869
AL4,2,AL,GD,1.4702,1.4983,0.4389
AL4,2,AL,GD,1.4424,1.5014,0.5405
AL4,2,AL,GD,1.4987,1.5861,0.4985
AL4,2,AL,GD,1.4166,1.4815,0.5225
AL4,2,AL,GD,1.4061,1.4472,0.5748
AL4,2,AL,GD,1.6211,1.6511,0.3325
AL4,2,AL,GD,1.452,1.4179,0.4813
AL4,2,AL,GD,1.3743,1.5937,0.5106
AL4,2,AL,GD,1.3875,1.4148,0.5909
AL4,2,AL,GD,1.3748,1.4197,0.5114
AL4,2,AL,GD,1.4955,1.5282,0.5721
AL4,2,AL,GD,1.3951,1.4325,0.4415
AL4,2,AL,GD,1.5326,1.6424,0.5107
AL4,2,AL,GD,1.3976,1.5023,0.5524
AL4,3,AL,GD,1.474,1.5819,0.4694
AL4,3,AL,GD,1.4654,1.4315,0.4525
AL4,3,AL,GD,1.3932,1.4756,0.4751
AL4,3,AL,GD,1.447,1.5078,0.5205
AL4,3,AL,GD,1.4262,1.4622,0.5071
AL4,3,AL,GD,1.2837,1.3446,0.634
AL4,3,AL,GD,1.4007,1.252,0.4999
AL4,3,AL,GD,1.3826,1.3421,0.6486
AL4,3,AL,GD,1.4236,1.4835,0.4823
AL4,3,AL,GD,1.4263,1.4363,0.4769
AL4,3,AL,GD,1.367,1.3237,0.5242
AL4,3,AL,GD,1.4549,1.581,0.474
AL4,3,AL,GD,1.4694,1.4553,0.5993
AL4,3,AL,GD,1.4379,1.476,0.5456
AL4,3,AL,GD,1.3912,1.5334,0.5189
AL4,4,AL,GD,1.4178,1.4931,0.4452
AL4,4,AL,GD,1.3935,1.4493,0.5716
AL4,4,AL,GD,1.4691,1.5528,0.4465
AL4,4,AL,GD,1.3859,1.5041,0.5628
AL4,4,AL,GD,1.4048,1.4172,0.615
AL4,4,AL,GD,1.4366,1.4075,0.5302
AL4,4,AL,GD,1.4468,1.5926,0.5034
AL4,4,AL,GD,1.5173,1.4146,0.3952
AL4,4,AL,GD,1.4491,1.6006,0.4117
AL4,4,AL,GD,1.4612,1.675,0.5032
AL4,4,AL,GD,1.4383,1.4156,0.4386
AL4,4,AL,GD,1.3986,1.5123,0.5162
AL4,4,AL,GD,1.4696,1.5522,0.6393
AL4,4,AL,GD,1.4649,1.5677,0.5696
AL4,4,AL,GD,1.5093,1.5568,0.5226
